unique(rios_data_token3it$it_tokens_3w),n
abc news article,1
abilities experimental questions,1
abled students including,1
academic background identity,1
academic performance confidence,1
academic professional backgrounds,1
access discussion throughout,1
access faculty access,1
accessible indoor field,1
accommodating different learning,1
accommodating visual learners,1
accommodators perceived individual,1
accomplishments builds confidence,1
achieve full participation,1
achievement gaps based,1
acknowledge diverse perspectives,1
across diverse natural,1
across personality types,1
across racial gender,1
active experimentation end,1
active learning activities,1
active learning also,1
active learning approach,1
active learning approaches,1
active learning cooperation,1
active learning exercises,1
active learning experience,1
active learning increases,1
active learning instructional,1
active learning lecture,1
active learning making,1
active learning methods,1
active learning practices,1
active learning required,1
active learning strategies,1
active learning styles,1
active learning technique,1
active learning techniques,1
active learning workshop,1
active participation among,1
active student engagement,1
actively encourages group,1
activities address different,1
activities engage students,1
activities everyone becomes,1
activities help students,1
activities promote access,1
activities students gain,1
activity asks students,1
activity brainstorm promotes,1
activity challenged students,1
activity encourages students,1
activity engages every,1
activity groups need,1
activity helps build,1
activity involves cooperative,1
activity involves individual,1
activity meets students,1
activity moved students,1
activity promotes inclusion,1
activity transparency improving,1
adaptable active learning,1
addition diverse students,1
addition self selected,1
additional discussion opportunities,1
additional diverse resources,1
additionally authentic research,1
additionally feedback provided,1
additionally instructors need,1
additionally students working,1
additionally visual communication,1
address different learning,1
address inclusive teaching,1
address inclusivity using,1
address misconceptions students,1
advanced students can,1
affect people living,1
affective learning dimensions,1
affects everyone differently,1
african american black,1
african american men,1
african american woman,1
african american women,1
age gender race,1
age race national,1
ages gender etc,1
alaskan native native,1
allied health studies,1
allow differently abled,1
allow equitable contributions,1
allow everyone even,1
allow students time,1
allowing different students,1
allowing diverse students,1
allowing individual choice,1
allowing visually impaired,1
allows different members,1
allows multiple representations,1
allows quieter students,1
already economically relevant,1
also accommodating students,1
also addresses racial,1
also closed captions,1
also emphasizes critical,1
also enables students,1
also expose students,1
also facilitates participation,1
also foster discussion,1
also fostering inclusive,1
also gained agency,1
also help students,1
also helps students,1
also illustrates cultural,1
also increasing inclusivity,1
also promotes diversity,1
also provide encouraging,1
also provide flexibility,1
also provide opportunities,1
also provided students,1
also recommend forming,1
also recommend think,1
also self efficacy,1
also summarized visually,1
also use unbiased,1
also used transparent,1
alt text tags,1
alternate color schemes,1
alternate green magenta,1
alternate names additionally,1
alternative formats including,1
alternative means since,1
american alaskan native,1
american black native,1
american cultures science,1
american sign language,1
american south american,1
american west cutthroat,1
american woman henrietta,1
among diverse students,1
among group members,1
among groups promotes,1
among members based,1
among students trying,1
analogies encourages students,1
analysis enforcing inclusion,1
annotation promotes investment,1
another encouraging collaboration,1
another enriching opportunity,1
another strategy promoted,1
answer authentic questions,1
answer helps students,1
anxiety around test,1
anyone feeling isolated,1
applications helps students,1
appreciate physical involvement,1
appreciate visual learning,1
appreciated exercise resistance,1
approach students learn,1
approaches provides opportunities,1
area students living,1
around common interests,1
arrangements can also,1
articles students explored,1
artistic students can,1
asian cultural contexts,1
asked solo students,1
assembly students discuss,1
assessment additionally feedback,1
assessment also accommodating,1
assessment questions encourages,1
assigned roles promote,1
assignment encouraged inclusive,1
assignment encourages inclusive,1
assignment supporting file,1
assignments provides another,1
assignments students may,1
assignments supporting file,1
attitudes toward science,1
audio visual material,1
audio visual tactile,1
audiovisual media resources,1
auditory learners given,1
auditory sensory input,1
authentic practices via,1
authentic research experience,1
authentic research experiences,1
authentic research opportunities,1
authentic scientific studies,1
author backgrounds demonstrating,1
authors students leading,1
available students can,1
average biological males,1
avoid supporting misconceptions,1
avoiding disadvantaging students,1
awareness can motivate,1
awareness disparity lack,1
background knowledge differently,1
background therefore inexpensive,1
backgrounds can benefit,1
backgrounds find intellectual,1
backgrounds learning styles,1
backgrounds may identify,1
backgrounds needs learning,1
backgrounds often find,1
balance major gender,1
balanced teams students,1
based access services,1
based cooperative approach,1
become comfortable sharing,1
becoming comfortable enough,1
behaviors student socioeconomic,1
beliefs toward vaccination,1
benefit pre health,1
best practices visual,1
bias can affect,1
bilingual american sign,1
bilingual deaf community,1
binary variable however,1
biodiversity database schools,1
biointeractive students can,1
biological safety policy,1
biology classroom community,1
biology enabling participation,1
biology students achieve,1
black african american,1
black kidney failure,1
black native american,1
blindness simulator students,1
book living downstream,1
breakout rooms interact,1
breast cancer white,1
brief reflective writing,1
bring different perspectives,1
bring disengaged students,1
bring unique abilities,1
broader issues students,1
broader scientific community,1
build classroom community,1
build communities engaging,1
builds community make,1
butterfly activity engages,1
campus based access,1
can actively participate,1
can also foster,1
can ask students,1
can build communities,1
can empower students,1
can facilitate connections,1
can fully participate,1
can gain confidence,1
can help students,1
can invite students,1
can motivate students,1
can quickly engage,1
can safely alter,1
can stigmatize students,1
can still engage,1
can still participate,1
can still succeed,1
can support diversity,1
can support inclusive,1
can use art,1
cancer african american,1
cancer white women,1
career paths students,1
career placing value,1
caucasian cystic fibrosis,1
caucasian populations however,1
caucasian women exposure,1
centered active learning,1
central american south,1
central sierran miwok,1
certain visual impairments,1
chair accessible however,1
changing screen names,1
check ups encourage,1
chinese miner camps,1
choose gratitude interventions,1
citizen potawatomi nation,1
class active learning,1
class activities address,1
class activities everyone,1
class collaboration peer,1
class discussions students,1
class group assignment,1
class participates cognitively,1
class poverty gender,1
class rank gender,1
class session promotes,1
class students reacted,1
class works together,1
classes incorporated collaborative,1
classroom active learning,1
classroom around diversity,1
classroom collaboration occurs,1
classroom friendly internet,1
classroom learning environment,1
classroom wide participation,1
clearly visible moreover,1
close caption feature,1
coast students connected,1
coblis color blindness,1
cognitive cultural gender,1
collaborate share ideas,1
collaborated across institutions,1
collaboration among members,1
collaboration among students,1
collaboration peer review,1
collaboration using randomized,1
collaborative annotation project,1
collaborative effort seeks,1
collaborative endeavor translates,1
collaborative exercise encourages,1
collaborative group activity,1
collaborative group includes,1
collaborative group work,1
collaborative groups throughout,1
collaborative lab activities,1
collaborative learning activity,1
collaborative learning environment,1
collaborative learning teaches,1
collaborative learning technique,1
collaborative setting finally,1
collaborative teaching strategies,1
collaborative work including,1
collaborative work reflective,1
colleagues friends families,1
collect meaningful ecological,1
collection research teams,1
college students defined,1
college students receive,1
college students vary,1
collegial learning environment,1
color blindness simulator,1
color low income,1
color schemes can,1
color vision deficiency,1
colorblindness simulator https,1
colors encourages students,1
combat various societal,1
comfort creative autonomy,1
comfortable classroom environment,1
comfortable contributing no,1
comfortable creating scatterplots,1
comfortable managing binoculars,1
comic encourages students,1
communicate science visual,1
communication conflict management,1
communication enthusiasm pride,1
communication exchange students,1
communication promoting engagement,1
communities engaging students,1
communities may support,1
community building students,1
community classroom discussion,1
community college accounting,1
community college importantly,1
community college population,1
community college student,1
community college students,1
community make group,1
compelling illustrations make,1
complete assignments students,1
complete group members,1
completed courses backgrounds,1
completed faculty development,1
completing individual work,1
complimentary student teams,1
component promotes diversity,1
components students prepare,1
compose balanced teams,1
comradery around physical,1
concrete tactile experience,1
concrete verbal symbolic,1
conduct brief reflective,1
congenital heart defects,1
congenital heart diseases,1
connections across ecological,1
consensus encouraging student,1
consider creating community,1
considered cooperative learning,1
considering communication enthusiasm,1
considering developmental biology,1
constraints transportation needs,1
contemporary family needs,1
content fosters appreciation,1
continuing generation students,1
contribute individual data,1
contribution equally important,1
controversial food supplement,1
conveys real historical,1
cooperation among female,1
cooperation students must,1
cooperative group learning,1
cooperative group work,1
cooperative learning among,1
cooperative learning characteristics,1
cooperative learning discussion,1
cooperative learning experience,1
cooperative learning reading,1
cooperative learning techniques,1
cooperative nature inherent,1
cooperative scientific investigation,1
correct answer students,1
course encouraging students,1
course without purposeful,1
courses democratizes research,1
courses including underrepresented,1
courses students discuss,1
create inclusive environments,1
creating community guidelines,1
creative commons unsplash,1
creative cycle contains,1
creative process cycle,1
creative process instructional,1
creative thinking finally,1
critical thinking skills,1
critical thinking writing,1
cross cultural dimensions,1
cultivate divergent biological,1
cultivates social learning,1
cultivating classroom equity,1
cultural backgrounds can,1
cultural diversity across,1
cultural knowledge prior,1
cultural preconceived notions,1
culturally diverse issues,1
culturally driven interpretations,1
culturally responsive mentoring,1
culturally responsive teaching,1
cures implemented early,1
cures increase access,1
cures provide opportunities,1
curiosity student projects,1
current classroom environment,1
d hh students,1
data students conduct,1
data students generate,1
data students share,1
dataset students analyze,1
de risking failure,1
decrease student anxiety,1
default friendly attention,1
deficits equalizing student,1
defines culturally responsive,1
degrees among diverse,1
deliberately included patients,1
demographic information form,1
demographic variables diverse,1
demonstrate marginalized students,1
demonstrations videos hands,1
describing differences among,1
design diversity westernization,1
design element allows,1
determine students performance,1
developing outreach activities,1
developing teamwork skills,1
difference might impact,1
differences among cells,1
differences among groups,1
differences discussion remained,1
differences race class,1
different academic backgrounds,1
different attitudes toward,1
different background knowledge,1
different backgrounds ethnicities,1
different backgrounds furthermore,1
different backgrounds perspectives,1
different colors encourages,1
different communities may,1
different contexts students,1
different educational backgrounds,1
different experiences students,1
different group members,1
different living situations,1
different racial ethnic,1
different starting points,1
different student abilities,1
different ways celebrates,1
differently abled students,1
differing student mindsets,1
dimensional manipulative model,1
dimensional manipulative provide,1
dimensional model thus,1
dimensional print models,1
dimensional visual information,1
disabilities additionally scientific,1
disabilities can build,1
disabilities can extend,1
disabilities including deaf,1
disabilities provide another,1
disadvantage black kidney,1
disciplinary interests career,1
disclose biological sex,1
disclosing biological sex,1
discourage student isolation,1
discover one pathway,1
discuss occupational diversity,1
discussing questions relevant,1
discussing social justice,1
discussion engaging students,1
discussion opportunities regarding,1
discussion remained respectful,1
discussion students can,1
discussion students formed,1
discussions incorporate auditory,1
discussions provide opportunities,1
discussions students learn,1
display diverse ideas,1
disproportionally affects members,1
distinct knowledge strengths,1
distributed across diverse,1
divergent biological thinking,1
diverse academic strengths,1
diverse backgrounds can,1
diverse backgrounds engaged,1
diverse backgrounds often,1
diverse backgrounds throughout,1
diverse contributing perspectives,1
diverse cultures sequences,1
diverse demonstrators finally,1
diverse expertise team,1
diverse issues relevant,1
diverse learning methods,1
diverse learning preferences,1
diverse learning styles,1
diverse mixed gender,1
diverse peer group,1
diverse race gender,1
diverse racial ethnic,1
diverse scientists minimize,1
diverse skill sets,1
diverse skills perspectives,1
diverse student audiences,1
diverse student body,1
diverse student groups,1
diverse student teams,1
diverse student voices,1
diverse students learn,1
diverse students written,1
diverse teaching strategies,1
diversify group skillsets,1
diversity across neighborhoods,1
diversity among streptomyces,1
diversity among students,1
diversity gap additionally,1
diversity increasing diversity,1
diversity issues important,1
diversity may include,1
diversity provides source,1
diversity students collect,1
diversity students used,1
divides labor among,1
division courses students,1
documentary created collaboratively,1
documenting group progress,1
documents offer students,1
dominating conversation within,1
dr geneva gay,1
draw explicit connections,1
drawing accommodating different,1
drawing students may,1
drift engaging students,1
dynamics inclusive learning,1
easter eggs include,1
economic barriers students,1
economically relevant photosynthetic,1
educate underrepresented students,1
educational equity studies,1
effective student placement,1
effective team based,1
effective teamwork inside,1
element drawing students,1
elements support engagement,1
elicit mutual need,1
eliminate achievement gaps,1
embedded research opportunities,1
emphasize altruistic applications,1
emphasize diverse perspectives,1
emphasizes critical thinking,1
empower inclusive research,1
enable less confident,1
encourage cooperative learning,1
encourage creative thinking,1
encourage equitable participation,1
encourage group collaboration,1
encourage inclusive teaching,1
encourage individual accountability,1
encourage individual preparation,1
encouraged inclusive teaching,1
encourages active participation,1
encourages discussion among,1
encourages group learning,1
encourages inclusive thinking,1
encourages multiple perspectives,1
encourages peer support,1
encouraging collaboration among,1
encouraging creative thinking,1
encouraging every student,1
encouraging student initiative,1
engage diverse students,1
engage many individuals,1
engage many students,1
engage undergraduate students,1
engages every student,1
engages everyone supporting,1
engages multiple senses,1
engaging community college,1
engaging multiple types,1
engaging multiple week,1
engaging stem undergraduates,1
engaging student interest,1
engaging students via,1
english deaf community,1
english language learners,1
english language status,1
enhance engagement motivation,1
enhance student engagement,1
enjoy kinesthetic learning,1
enrollment numbers underscore,1
ensure equal participation,1
ensure impartial grading,1
ensure inclusiveness tell,1
ensure individual accountability,1
ensuring equitable participation,1
ensuring students receive,1
enthusiastically pursue future,1
entire class helps,1
environment effective student,1
environment instructors can,1
environment students also,1
environment students may,1
environmental social justice,1
environmental sustainability specifically,1
equalize classroom participation,1
equalizing student achievement,1
equally distributed among,1
equally diverse student,1
equally shared second,1
equally shared timing,1
equitable collaboration skills,1
equitable group interactions,1
equitable participation among,1
equitable teaching practices,1
equitable teaching strategies,1
equitable teaching techniques,1
equity public health,1
equity studies demonstrate,1
equity within healthcare,1
etc enabling students,1
ethical discussion beyond,1
ethnically diverse mixed,1
ethnically diverse students,1
ethnicity gender geographical,1
ethnicity religion socioeconomic,1
even creativity students,1
even including personal,1
evenly divides labor,1
every group member,1
every student participates,1
everyone can experience,1
everyone can participate,1
everyone differently based,1
everyone supporting file,1
example students assigned,1
example students examined,1
example visual learners,1
examples provides everyone,1
exchange students without,1
exercise affects everyone,1
exercise encourages discussion,1
exercises encourages students,1
existing courses democratizes,1
experience expensive specialized,1
experience incorporates race,1
experience students often,1
experiences increase inclusivity,1
experiences increase interest,1
experiences promotes inclusion,1
experiences students also,1
experiment encouraging cooperation,1
experimental approaches within,1
experimental design diversity,1
experiments prompting students,1
expertise team members,1
explicitly address emerging,1
explicitly reference diversity,1
explicitly teaching students,1
exploits multiple learning,1
explore socio scientific,1
express diverse ways,1
extend students understanding,1
extension option students,1
extroversion spectrum quieter,1
facilitate meaningful connections,1
facilitates inclusive teaching,1
facilitating productive collaboration,1
facilitating transfer unnecessary,1
facilitator recorder presenter,1
faculty access sample,1
faculty development workshops,1
failure patients relative,1
fair biology classroom,1
fair classroom learning,1
family member clinician,1
favorable attitudes toward,1
feel comfortable speaking,1
feel comfortable working,1
feel imposter syndrome,1
feel safe participating,1
felt comfortable gave,1
female students due,1
ferpa regulations students,1
field often predominated,1
fieldwork alternative plans,1
filipino hmong vietnamese,1
final assignments supporting,1
final group member,1
fine arts majors,1
first collaborative learning,1
first generation status,1
first generation students,1
first work cooperatively,1
first year students,1
following differences race,1
foods lower socioeconomic,1
form diverse student,1
form novel connections,1
formally documenting group,1
format incorporates universal,1
former students serve,1
forms including visually,1
formula assists students,1
foster collaborative discussion,1
foster productive discussions,1
foster student learning,1
fostering high expectations,1
fostering inclusive environments,1
fostering student gains,1
fosters inclusive teaching,1
four students courses,1
four students promoting,1
framework navigates students,1
frequently feel imposter,1
friendly internet connected,1
full time students,1
fun together however,1
furthermore classroom collaboration,1
furthermore high impact,1
future learning needs,1
games particularly international,1
gateway introductory biology,1
gauge student engagement,1
gay defines culturally,1
gender ethnicity religion,1
gender geographical location,1
gender graduation year,1
gender interest experience,1
gender non conforming,1
gender race etc,1
general active learning,1
general inclusive teaching,1
general introversion can,1
general public can,1
generation college students,1
generation status instructors,1
generation students changing,1
generation students https,1
generation students student,1
geneva gay defines,1
genome annotation promotes,1
give students explicit,1
give students time,1
given assignments building,1
given many opportunities,1
giving certain students,1
giving students freedom,1
giving students opportunities,1
global communities demonstrates,1
grading policy encourages,1
grading supports diverse,1
granting equal access,1
gratitude interventions also,1
greatly reduces achievement,1
group arrangements can,1
group cognitive cultural,1
group consensus encouraging,1
group discussion engaging,1
group discussions engaging,1
group dynamics inclusive,1
group fieldwork alternative,1
group hispanic latinx,1
group interactions group,1
group leader students,1
group member evaluation,1
group member makes,1
group member must,1
group members accountable,1
group members discuss,1
group members giving,1
group members helps,1
group members provides,1
group members research,1
group members students,1
group might unconsciously,1
group part inspired,1
group participants fostering,1
group work environments,1
group works together,1
groups accomplishments builds,1
groups allows participation,1
groups also helps,1
groups ask students,1
groups developing teamwork,1
groups include individuals,1
groups need access,1
groups participated well,1
groups providing participation,1
groups requiring diverse,1
groups students answer,1
groups students can,1
groups students leverage,1
groups using demographic,1
growth mindset towards,1
growth mindset ugtas,1
guides provides benefits,1
hands multiple voices,1
heading structures students,1
health care decisions,1
health initiatives funded,1
health insurance might,1
health outcomes readings,1
health professional can,1
health related careers,1
health related snps,1
health statistics nchs,1
healthcare can engage,1
healthier lifestyles among,1
healthy lifestyles due,1
hearing impaired students,1
held differing views,1
help diversify fields,1
help educate underrepresented,1
help ensure students,1
help include students,1
help increase inclusivity,1
help reduce gender,1
help students develop,1
help students feel,1
help students humanize,1
help students learn,1
help students recognize,1
help students understand,1
helping students find,1
helping students make,1
helps shy students,1
helps students clarify,1
helps students connect,1
helps students especially,1
helps students understand,1
helps students work,1
helps teachers identify,1
heterogeneous learning teams,1
hidden identities diversity,1
high impact active,1
higher healthcare disparities,1
highly adaptable active,1
highly diverse population,1
hispanic latino communities,1
hispanic latinx african,1
historical site easily,1
historically marginalized communities,1
historically marginalized populations,1
historically marginalized student,1
historically marginalized students,1
human disease research,1
human interest side,1
human sex determination,1
humans can safely,1
ideas individual writing,1
identified personality types,1
identify diversity issues,1
identities diversity increasing,1
identity intersect can,1
identity safe classroom,1
ignores important historical,1
illustrates cultural diversity,1
image alt text,1
impact active learning,1
impact human health,1
impact human life,1
impact students attitudes,1
impaired cognitive development,1
impaired students can,1
impairment can delegate,1
impairment might not,1
impairments experience specimens,1
implementing cures work,1
implementing individual accountabilityand,1
implements inclusive teaching,1
important additionally authentic,1
important historical context,1
improves students ability,1
improving student confidence,1
inappropriate behavior arises,1
include diverse cultures,1
include limited access,1
included early perspectives,1
includes many opportunities,1
including audio visual,1
including individual writing,1
including personal ones,1
including reading interactive,1
including underrepresented minorities,1
including underrepresented minority,1
including varying color,1
including women trans,1
inclusion helps shy,1
inclusion standards can,1
inclusion within many,1
inclusive active learning,1
inclusive classroom environment,1
inclusive environment instructors,1
inclusive environment suitable,1
inclusive experience incorporates,1
inclusive group work,1
inclusive learning activity,1
inclusive learning environment,1
inclusive nature documentary,1
inclusive pedagogy approach,1
inclusive research teams,1
inclusive student student,1
inclusive teaching described,1
inclusive teaching environment,1
inclusive teaching experience,1
inclusive teaching goal,1
inclusive teaching laid,1
inclusive teaching making,1
inclusive teaching practices,1
inclusive teaching primarily,1
inclusive teaching requires,1
inclusive teaching strategies,1
income fafsa applicants,1
income level living,1
income students first,1
incorporate auditory delivery,1
incorporated collaborative group,1
incorporated effective team,1
incorporated multiple ways,1
incorporates diversity equity,1
incorporates race ethnicity,1
incorporates realistic human,1
incorporates universal design,1
incorporating visual auditory,1
increase accessibility finally,1
increase minority engagement,1
increase participants comfort,1
increase student achievement,1
increase student engagement,1
increase student motivation,1
increase students sense,1
increases student achievement,1
increases students curiosity,1
increasing student development,1
increasing students awareness,1
indeed requires creativity,1
individual accountabilityand positive,1
individual backgrounds needs,1
individual choice udl,1
individual instructor feedback,1
individual interests instructors,1
individual learning stages,1
individual learning style,1
individual noninteractive work,1
individual responsibilities discussing,1
individual self paced,1
individual student responses,1
individual students needs,1
individual students small,1
individual work engaging,1
individual writing assignments,1
individual writing peer,1
individually providing time,1
inequities among first,1
information online students,1
inherently inclusive since,1
inspired lively discussions,1
instance students engage,1
instead guides students,1
institution discussing social,1
institutionally diverse cohort,1
institutions msis compared,1
instruction discussion hands,1
instruction elements support,1
instructor facilitated introductions,1
instructor individual exploration,1
instructor students can,1
instructors can invite,1
instructors create opportunities,1
instructors encourage students,1
instructors group students,1
instructors maximize diversity,1
instructors pay special,1
integrate culturally diverse,1
integrated culturally responsive,1
intellectually safe environment,1
intentional group arrangements,1
interaction students can,1
interactions among group,1
interactions can choose,1
interactions group work,1
interactive demonstrations allow,1
interactive group work,1
interactive learning environment,1
interactive lecture pre,1
interactive sessions students,1
interactive tasking students,1
interdependence individual accountability,1
interest drive motivation,1
interested students can,1
interesting biological cultural,1
interests career goals,1
interests students formed,1
internet connected device,1
interpersonal interactions can,1
interpreting authentic data,1
interpreting visual information,1
interviews students asked,1
intra individual module,1
intrinsic cultural component,1
introductory undergraduate students,1
introversion can still,1
introversion extroversion spectrum,1
invariably student teams,1
investigating heart development,1
invites different opinions,1
invoke colonialist assumptions,1
involve human health,1
involves active learning,1
involves cooperative group,1
involves inclusive teaching,1
issues students may,1
iterative improvement rather,1
japanese scientists students,1
jigsaw participants first,1
jigsaw together finally,1
journal pay walls,1
journey includes interactions,1
judgement free manner,1
justice around access,1
keep group members,1
knowing students names,1
lab access faculty,1
lab activities engages,1
lab group partners,1
laboratory assignment welcoming,1
lack health care,1
lack healthy lifestyles,1
language deficits equalizing,1
language promoting diverse,1
large diversity gap,1
large public midwestern,1
lastly providing opportunities,1
latinx african american,1
leader communicator organizer,1
leader students share,1
leaders can act,1
leaders instructors ensure,1
learners additionally visual,1
learners gain access,1
learning community within,1
learning environment effective,1
learning environment open,1
learning environment reiterates,1
learning intentional group,1
learning opportunity students,1
learning preferences abilities,1
learning preferences students,1
learning preferences visual,1
learning process teams,1
learning reading listening,1
learning specifically students,1
learning strategies visual,1
learning styles interactive,1
learning teaches students,1
learning udl guidelines,1
learning udl requirements,1
lectures videos hands,1
less accessible due,1
less confident members,1
less confident students,1
less intimidating opportunity,1
less vocal students,1
lessen performance anxiety,1
lesson addresses diversity,1
lesson also promotes,1
lesson broadens participation,1
lesson can empower,1
lesson challenged students,1
lesson encourages students,1
lesson engages multiple,1
lesson engages students,1
lesson explicitly addresses,1
lesson exploits multiple,1
lesson extremely inclusive,1
lesson invites different,1
lesson involves cooperative,1
lesson involves inclusive,1
lesson makes transparent,1
lesson namely sex,1
lesson provides diverse,1
lesson provides opportunities,1
lesson reviews knowledge,1
lesson students create,1
lesson students disagreed,1
lesson successfully incorporated,1
lesson supports inclusive,1
let students present,1
level living arrangement,1
level students vary,1
leverage diversity within,1
leverages learning diversity,1
lgbtq black african,1
life applications helps,1
limitations formative assessments,1
limited previous engagement,1
limited students can,1
limited students electronic,1
linking cultural relevance,1
listening analyzing data,1
living situations observations,1
local diversity students,1
local environment students,1
long standing disagreements,1
low income fafsa,1
low income students,1
low pressure environment,1
low stakes assessments,1
low stakes assignments,1
low stakes environment,1
lower socioeconomic status,1
lowers access barriers,1
loxp lesson inclusive,1
maintain student anonymity,1
maintaining individual responsibilities,1
major gender graduation,1
major sensory modes,1
majors years demographic,1
make group members,1
make learning interactive,1
make science accessible,1
make students aware,1
make sure everyone,1
making connections across,1
males volunteer answers,1
management scenario students,1
many additional benefits,1
many individuals since,1
many student perspectives,1
many students choose,1
many students discussing,1
many students used,1
many use english,1
marginalized communities reduce,1
marginalized student populations,1
material students classify,1
material tactile activities,1
mathematic verbal linguistic,1
maximize diversity within,1
maximize educational equity,1
maximum diversity students,1
may ask students,1
may disadvantage black,1
may facilitate meaningful,1
may help students,1
may help women,1
may hold perspectives,1
may increase accessibility,1
may increase anxiety,1
may promote retention,1
may reduce public,1
may value multiple,1
meaningful class discussions,1
meaningful ecological data,1
meaningful interactions among,1
meaningful research experiences,1
meet individual students,1
meet universal design,1
member evaluation individuals,1
members feel like,1
members helps students,1
members students discuss,1
mentored research experience,1
method including participating,1
microorganisms impact human,1
might affect students,1
might impact human,1
might increase students,1
might unconsciously restrict,1
mindset towards science,1
minoritized students introverted,1
minority group hispanic,1
minority groups develop,1
minority serving institutions,1
minority serving schools,1
minority students since,1
misconceptions students may,1
missions three dimensional,1
miwok peoples likely,1
mixed active learning,1
mixed assessment method,1
mixing parts offer,1
mobility disabilities additionally,1
modeling respectful behavior,1
models allowing visually,1
models collaborative work,1
models visually observe,1
module encouraging students,1
module ensures equity,1
module incorporates diversity,1
module promote inclusive,1
molecular visualization tools,1
monitoring student interactions,1
monograph active learning,1
moved students away,1
much time students,1
multifaceted inclusive nature,1
multiple active learning,1
multiple hands multiple,1
multiple raised hands,1
multiple visual representations,1
multiple voices provide,1
multiple voices think,1
must communicate collaborate,1
namely sex determination,1
narrow achievement gaps,1
nationalities brought together,1
native american alaskan,1
native american cultures,1
native english speakers,1
native native hawaiian,1
natural abilities match,1
nature documentary created,1
need arise students,1
need differing amounts,1
need improvement students,1
needs learning abilities,1
needs students concerned,1
neighborhoods students work,1
nests burrows collaboration,1
no gender imbalances,1
no right answer,1
no single right,1
non black patients,1
non caucasian cystic,1
non caucasian populations,1
non gendered pronouns,1
non native english,1
non traditional students,1
non western backgrounds,1
not available students,1
not feel comfortable,1
not feeling prepared,1
not group together,1
not include views,1
notes guide students,1
observation can engage,1
observe public attitudes,1
offers additional discussion,1
official government statements,1
often drew portraits,1
often inaccessible due,1
often students think,1
one another encouraging,1
one group member,1
one particularly strong,1
one possible alternative,1
one student dominating,1
online collaborative learning,1
online creative commons,1
online gratitude interventions,1
online students access,1
open access software,1
open access species,1
open learning environment,1
opportunity arises several,1
opportunity select different,1
optimally foster participation,1
option students sign,1
oral visual mechanical,1
outsized positive impact,1
overcomes significant barriers,1
pair encouraging students,1
pairing students together,1
pairs students can,1
pairs students randomly,1
paper everyone can,1
paper models visually,1
parasitology involve human,1
part inspired lively,1
participants encouraging every,1
participants inclusive active,1
participants respectfully weighed,1
participate fully using,1
particular health related,1
particular promotes inclusive,1
particular role participate,1
particular student students,1
particular underserved students,1
particularly advanced students,1
particularly engaging final,1
particularly improve learning,1
particularly international students,1
particularly recommend establishing,1
particularly strong example,1
parts allowing flexibility,1
parts offer students,1
paths students discuss,1
pathway maps quantitative,1
pathway selected examples,1
patient jill viles,1
patient without health,1
pedagogical approaches implemented,1
peer group students,1
peer interaction students,1
peer leaders can,1
peer learning intentional,1
peer mentoring additionally,1
people may believe,1
peoples likely utilized,1
perceived individual learning,1
performance anxiety visually,1
permanent student teams,1
personable caring way,1
personal computers already,1
personal ones building,1
personalized patient care,1
personally relevant experiments,1
perspectives anonymous clicker,1
phase group members,1
phenotypic sex provides,1
physical models collaborative,1
physical social logical,1
pictorial mathematical graphical,1
pictorial representations thus,1
pilot study students,1
piques students curiosity,1
place unfortunate limitations,1
placing value not,1
plan demographic variables,1
plant awareness disparity,1
plant communities useful,1
plants visually collect,1
play addresses issues,1
policy encourages students,1
policy recommendation related,1
poppitmeiosis encourages learning,1
population courses implementing,1
population engaging community,1
populations including women,1
positions allowing diverse,1
positive interdependence individual,1
positively impact students,1
possible alternative may,1
poster encourages students,1
potawatomi nation includes,1
potential economic disadvantages,1
potentially provide students,1
poverty gender disability,1
powerful learning experience,1
practices students represent,1
pre health students,1
predominant group might,1
predominant instructional mode,1
predominantly white institution,1
prefer individual work,1
prefer students also,1
preferences students can,1
preferences visual physical,1
presentation students continue,1
presented modeling respectful,1
prevent anyone feeling,1
prevent economic barriers,1
problem solving collaborate,1
problems require diverse,1
process prepared students,1
productive collaboration can,1
professional development sessions,1
professional obligations clinical,1
professional societies degree,1
profound relationship becomes,1
programs targeting community,1
project biodiversify website,1
project fosters inclusive,1
promote cooperative learning,1
promote general inclusive,1
promote inclusion another,1
promote inclusive learning,1
promote inclusive student,1
promote students sense,1
promotes equitable participation,1
promotes inclusive learning,1
promotes inclusive teaching,1
promotes individual ownerships,1
promotes student engagement,1
promoting diverse ways,1
promoting equitable group,1
promoting inclusive teaching,1
promoting student engagement,1
pronouns acknowledges diversity,1
prostate cancer african,1
provide another enriching,1
provide encouraging words,1
provide professional development,1
provide visual learning,1
provided fair access,1
provides another opportunity,1
provides authentic research,1
provides diverse forms,1
providing multiple opportunities,1
providing participation opportunities,1
public biodiversity database,1
public can use,1
public health infrastructure,1
public health initiatives,1
public health issues,1
public health laboratories,1
public health outcomes,1
public health professional,1
public messaging around,1
public midwestern research,1
public narratives see,1
public speaking anxiety,1
publicly available online,1
purposes open access,1
question using personal,1
question whether gender,1
questions aids students,1
questions allow everyone,1
questions encourages students,1
questions every participant,1
questions individual students,1
questions students answered,1
quite often students,1
race class poverty,1
race etc enabling,1
race national background,1
racial ethnic economic,1
racial ethnic groups,1
racial gender area,1
racial minority group,1
racio ethnic diversity,1
random assignments may,1
randomly ensure inclusion,1
rank gender interest,1
re introduce students,1
reading carefully selected,1
reading interactive discussion,1
reading listening analyzing,1
real historical events,1
real patient jill,1
real time captionists,1
real world interactions,1
realistic human disease,1
receive pell grants,1
recommend establishing cure,1
recommend forming groups,1
recommend instructors encourage,1
recommend think pair,1
recommend using smaller,1
red green colorblindness,1
reduce gender bias,1
reduce public speaking,1
reduced health literacy,1
reduces achievement gaps,1
reducing health disparities,1
reflect pronouns acknowledges,1
reflection instructor empathy,1
reflection provides opportunity,1
reflective questions included,1
reflective writing assignments,1
reflective writing interactive,1
reframe difficult moments,1
refuse public release,1
regarding outcome achievement,1
regression assignment supporting,1
reinforces harmful stereotypes,1
relationship becomes apparent,1
religion socioeconomic status,1
religious beliefs related,1
religious reference may,1
remote inclusive teaching,1
representation visual auditory,1
representations pictorial mathematical,1
represented diverse racial,1
require diverse skills,1
require effective teamwork,1
require positive collaboration,1
requires active strategies,1
requiring diverse groups,1
research experience accessible,1
research experiences participating,1
research experiences participation,1
research interests students,1
research mentors rather,1
research opportunities allow,1
research opportunities embedded,1
research outreach learning,1
research team began,1
research teams instructors,1
researcher uses gender,1
resource limited students,1
revealed lgbtqia students,1
rgs encourage individual,1
right answer helps,1
risking failure supports,1
robust mental model,1
role participate physically,1
roles promote inclusivity,1
rural urban differences,1
safe classroom environment,1
safe learning environment,1
savvy study partners,1
scenario students collaborate,1
science career interest,1
science news articles,1
science news stories,1
science visual communication,1
sciences student interests,1
scientific community beyond,1
scientific community outside,1
scientific process encouraging,1
scientific self efficacy,1
scientific struggle allows,1
scientists including women,1
scientists students can,1
screen reader friendly,1
screen readers sonification,1
seamlessly become part,1
seating arrangements instructors,1
see active learning,1
see different perspectives,1
seeking research opportunities,1
select different starting,1
self efficacy identity,1
semester students self,1
sensory input makes,1
series provides authentic,1
serving institutions msis,1
session promotes cognitive,1
session students need,1
sessions students share,1
setting students explore,1
setting students watched,1
several chinese miner,1
several cooperative learning,1
several inclusive teaching,1
several minority serving,1
sexual offenses perpetrated,1
sexual orientation working,1
share multiple hands,1
shared mental model,1
sheet individually providing,1
shy students voice,1
sick family members,1
sierran miwok peoples,1
sign language asl,1
sign language interpreters,1
significant barriers giving,1
significantly less connected,1
simple model collaboration,1
simplified personality assessment,1
simply ask students,1
single right answer,1
site easily accessible,1
skills helping students,1
skills self efficacy,1
small collaborative groups,1
small group conversations,1
small groups encourages,1
small groups students,1
social bias accessibility,1
social equity public,1
social justice around,1
social justice issues,1
social justice topics,1
social relationships developed,1
socially relevant topics,1
socially supportive environment,1
societal challenges including,1
societies degree programs,1
socio scientific issues,1
socioeconomic diversity particularly,1
socioeconomic factors play,1
socioeconomic status lastly,1
socioeconomic status personality,1
socioeconomic status reduced,1
solve relevant problems,1
solving collaborate better,1
sources online creative,1
space missions three,1
spatial element drawing,1
speak listen look,1
species community structure,1
specific accommodations available,1
specific complementary tasks,1
specifically students worked,1
spectrum quieter students,1
stakeholder assessment allows,1
stakes assessments throughout,1
stakes learning opportunity,1
stakes testing students,1
starting points based,1
states community college,1
status reduced health,1
stay healthy additionally,1
stem undergraduate students,1
step enables students,1
step using tactile,1
stepwise approach encourages,1
stereotypical norms can,1
stigmatized lgbtq individuals,1
still encouraging students,1
stimulate critical thinking,1
stimulates student interest,1
strategies including individual,1
strategies visual slides,1
strategy encourages active,1
strengthen arguments explain,1
strengths became immediately,1
stress learning environment,1
strong public engagement,1
structure encourages students,1
structured seating arrangements,1
structures students can,1
struggle allows students,1
student centered active,1
student comfort creative,1
student dominating conversation,1
student engagement including,1
student engagement leading,1
student exclusion see,1
student feels valued,1
student group members,1
student individually completing,1
student individually writes,1
student interest however,1
student lived experiences,1
student participates equally,1
student perspectives anonymous,1
student population engaging,1
student socioeconomic diversity,1
student teams discover,1
student teams turn,1
students academic social,1
students access information,1
students across personality,1
students analyze data,1
students answer individually,1
students apply findings,1
students asked researchers,1
students assume roles,1
students attitudes towards,1
students awareness empathy,1
students become comfortable,1
students becoming comfortable,1
students broader interests,1
students can access,1
students can actively,1
students can fully,1
students can visualize,1
students centering around,1
students changing screen,1
students chosen not,1
students classify data,1
students collecting data,1
students completed five,1
students conduct brief,1
students consider socially,1
students cultural funds,1
students disagreed regarding,1
students discuss observe,1
students discuss questions,1
students discussing nuclear,1
students diverse backgrounds,1
students easy access,1
students encourages participation,1
students encouraging participation,1
students ensure individual,1
students examined questionnaires,1
students explicit guidance,1
students explore important,1
students feel comfortable,1
students feel less,1
students feel valued,1
students feel welcomed,1
students find identity,1
students humanize researchers,1
students including underrepresented,1
students inclusive group,1
students independently previous,1
students individual values,1
students individually due,1
students instructors might,1
students intrinsic value,1
students introverted students,1
students kinesthetically interact,1
students lived experiences,1
students make connections,1
students might wonder,1
students need one,1
students needs students,1
students obligations outside,1
students practice working,1
students prior coursework,1
students promotes engagement,1
students prompt one,1
students reacted positively,1
students receive pell,1
students recommend based,1
students represent knowledge,1
students rightful presence,1
students self describe,1
students self select,1
students share not,1
students socioeconomic diversity,1
students student veterans,1
students students can,1
students students learn,1
students students work,1
students successfully completed,1
students towards conceptual,1
students unique contributions,1
students used catme,1
students using active,1
students using wheelchairs,1
students vary greatly,1
students visual spatial,1
students without disabilities,1
students work collaboratively,1
students written approaches,1
studies demonstrate marginalized,1
study allowed opportunities,1
study facilitates inclusive,1
study guides provides,1
styles interactive group,1
subsequent public health,1
successful group interactions,1
successful pair encouraging,1
successful space missions,1
summarized visually slides,1
summer research opportunities,1
support healthy lifestyles,1
support inclusive learning,1
support inclusive teaching,1
supporting english language,1
supporting healthy living,1
supporting misconceptions related,1
supportive environment students,1
supportive group presentation,1
supports creative autonomy,1
supports diverse ways,1
supports inclusive teaching,1
symbolic molecular representations,1
synchronous classroom environment,1
tactile activities paper,1
targeting community college,1
teach participants inclusive,1
teach valuable real,1
teachers identify misconceptions,1
team based cooperative,1
team based jigsaw,1
team based learning,1
team peer review,1
team students must,1
teams can accelerate,1
teams instructors must,1
teams students typically,1
technical experience expensive,1
technique encourages participation,1
technology include diversity,1
term students completed,1
thereby encourages students,1
therefore adds value,1
therefore minimize barriers,1
though students self,1
three dimensional manipulative,1
three dimensional model,1
three dimensional print,1
three students encourages,1
three students ensure,1
three students practice,1
thus avoiding disadvantaging,1
thus facilitating transfer,1
thus increasing interest,1
thus still encouraging,1
thus validating diverse,1
time captionists depending,1
time encouraging respect,1
time students complete,1
time students make,1
together can help,1
together facilitating contributions,1
together take interest,1
topic without limits,1
traditional lecture environment,1
traditional verbal linguistic,1
traditionally underrepresented backgrounds,1
traditionally underrepresented populations,1
traditionally underserved racial,1
trains self efficacy,1
transgender non binary,1
transparency improving student,1
transparency practices detailed,1
transparent learning environment,1
treated well regardless,1
true scientific struggle,1
turns visual information,1
two dimensional visual,1
two gratitude interventions,1
two major sensory,1
typical social circles,1
typically requires participation,1
ulcer patient without,1
uncomfortable disclosing biological,1
undergraduate students attended,1
undergraduate students can,1
undergraduate students majoring,1
underrepresented minority groups,1
underrepresented minority students,1
underrepresented racial minorities,1
underrepresented student groups,1
underserved racial minority,1
underserved students academic,1
universal design principles,1
universal see diversity,1
university granting equal,1
upon policy recommendation,1
upper division courses,1
upper division electives,1
ups encourage students,1
urgent students quickly,1
use authentic data,1
use authentic microbiology,1
use inclusive language,1
use open access,1
use unbiased call,1
use various active,1
use visual communication,1
used active learning,1
used easter eggs,1
using active learning,1
using alternate names,1
using cultural knowledge,1
using demographic information,1
using diverse demonstrators,1
using personal accounts,1
using tactile manipulation,1
using visual communication,1
using wheelchairs crutches,1
utilize multiple representations,1
utilizing active learning,1
validating diverse perspectives,1
value diverse perspectives,1
value multiple representations,1
values diverse backgrounds,1
variables diverse groups,1
various active learning,1
various backgrounds can,1
various group members,1
various populations genders,1
various societal challenges,1
varying achievement levels,1
varying backgrounds engage,1
varying color combinations,1
varying difficulty levels,1
varying physical capabilities,1
verbal linguistic interpersonal,1
verbal symbolic visual,1
versus health care,1
via screen readers,1
videos students engage,1
vision impairment can,1
visual aids combined,1
visual auditory sensory,1
visual communication rather,1
visual impairment might,1
visual impairments experience,1
visual impairments many,1
visual learning tools,1
visual material tactile,1
visual physical social,1
visual representations including,1
visual slides aural,1
visual spatial bodily,1
visual spatial element,1
visualize phenology data,1
visually collect quantitative,1
visually explore dna,1
visually impaired student,1
visually impaired students,1
visually locating sciurids,1
visually observe demonstrations,1
voices heard draw,1
voices think pair,1
way students may,1
ways first collaborative,1
ways individual clicker,1
ways individual self,1
week providing opportunities,1
weeks information needed,1
welcome creative use,1
welcoming learning environment,1
welcoming place past,1
western backgrounds may,1
western cultural science,1
western scientific approaches,1
westernized science might,1
wheel chair accessible,1
white institution discussing,1
whose living environment,1
wide discussion students,1
wide participation think,1
within healthcare contexts,1
without health insurance,1
without purposeful opportunities,1
woman henrietta lacks,1
woman museum curators,1
wooster students worked,1
work among members,1
work collaboratively throughout,1
work enabling students,1
work ethic given,1
work reflective writing,1
work together effectively,1
work together facilitating,1
working together take,1
workshop leaders instructors,1
world management scenario,1
writing assignment related,1
writing assignments outside,1
writing assignments provides,1
writing interactive lecture,1
year graduate students,1
year medical students,1
year undergraduate students,1
years demographic backgrounds,1
yet inclusive learning,1
yet profound relationship,1
