it_tokens_2w,n
students can,50
students work,45
allows students,40
active learning,38
inclusive teaching,36
learning environment,24
group members,21
help students,18
students may,18
work together,18
allow students,17
many students,16
encourages students,15
inclusive learning,15
community college,13
experimental design,13
encourage students,11
lesson students,11
self efficacy,11
allowing students,10
authentic research,10
college students,10
diverse backgrounds,10
example students,10
activity students,9
among students,9
cooperative learning,9
different backgrounds,9
diverse perspectives,9
provides students,9
students feel,9
accommodate students,8
collaborative learning,8
group member,8
inclusive classroom,8
public health,8
student engagement,8
students also,8
students worked,8
work collaboratively,8
assessment questions,7
classroom environment,7
engaging students,7
formative assessments,7
providing students,7
students learn,7
underrepresented students,7
activities students,6
ask students,6
biological sex,6
class students,6
collaborative nature,6
different perspectives,6
diverse students,6
helps students,6
inclusive environment,6
require students,6
requires students,6
scientific community,6
social justice,6
student teams,6
students discuss,6
students must,6
students regardless,6
students sense,6
summative assessment,6
three students,6
undergraduate students,6
universal design,6
visual impairments,6
african american,5
background knowledge,5
caucasian populations,5
community colleges,5
diverse student,5
encourage instructors,5
encouraging students,5
engage students,5
engages students,5
english language,5
feel comfortable,5
generation students,5
include students,5
individual learning,5
minority students,5
multiple opportunities,5
socioeconomic status,5
students engage,5
students including,5
summative assessments,5
three dimensional,5
visual communication,5
visually impaired,5
achievement gap,4
achievement gaps,4
addition students,4
also recommend,4
backgrounds can,4
can participate,4
data students,4
developmental biology,4
diverse learning,4
diverse ways,4
easter eggs,4
encourages participation,4
equal access,4
equal participation,4
four students,4
gender identity,4
gives students,4
gratitude interventions,4
health care,4
historically marginalized,4
human health,4
individual accountability,4
individual student,4
inherently inclusive,4
large enrollment,4
lesson engages,4
minority serving,4
native american,4
open access,4
provide opportunities,4
research opportunities,4
right answer,4
since students,4
socioeconomic diversity,4
students academic,4
students answer,4
students become,4
students especially,4
students might,4
team based,4
time needed,4
underrepresented minority,4
varying backgrounds,4
visual information,4
academic social,3
actively participate,3
activity engages,3
additionally instructors,3
additionally students,3
allowed students,3
background identity,3
background information,3
classroom community,3
collaboration among,3
collaborative group,3
color blindness,3
community beyond,3
congenital heart,3
cooperative group,3
critical thinking,3
cultural backgrounds,3
culturally responsive,3
demographic information,3
demographic variables,3
design students,3
different students,3
disabilities can,3
diverse array,3
diverse cultures,3
diverse groups,3
diverse ideas,3
diversity within,3
economically relevant,3
encouraging cooperation,3
engage many,3
ensure equal,3
equitable participation,3
equitable teaching,3
expose students,3
final assignment,3
formative assessment,3
furthermore students,3
genetic diversity,3
group interactions,3
group students,3
groups students,3
growth mindset,3
guide students,3
hands multiple,3
hearing impairments,3
heart development,3
hh students,3
homework assignments,3
human populations,3
impaired students,3
inclusive active,3
increase accessibility,3
individual instructor,3
individual students,3
individual work,3
individual writing,3
individually accountable,3
learning management,3
level students,3
make connections,3
many individuals,3
may promote,3
may struggle,3
multiple hands,3
multiple representations,3
multiple voices,3
non caucasian,3
not need,3
particularly helpful,3
personal computers,3
personal investment,3
physical disabilities,3
presentation students,3
promote inclusion,3
promote inclusive,3
promote retention,3
provide students,3
provides opportunities,3
public engagement,3
public speaking,3
really enjoy,3
research articles,3
resource management,3
science particularly,3
sex determination,3
show students,3
significant impacts,3
stakes assessments,3
strong public,3
student achievement,3
students across,3
students complete,3
students find,3
students first,3
students get,3
students independent,3
students make,3
students names,3
students often,3
students receive,3
students self,3
students share,3
students students,3
students time,3
students within,3
students without,3
successfully implemented,3
supplementary materials,3
support students,3
supportive environment,3
team members,3
teamwork skills,3
time students,3
underrepresented groups,3
varied backgrounds,3
visual auditory,3
visual learners,3
visual learning,3
visual spatial,3
working together,3
abled students,2
academic background,2
active engagement,2
active experimentation,2
active participation,2
actively engage,2
actively engaged,2
activity encourages,2
added benefit,2
advanced students,2
affects everyone,2
age ethnicity,2
allied health,2
also addresses,2
also diverse,2
alternative assessment,2
american association,2
among members,2
analogies encourages,2
appreciate visual,2
approach encourages,2
approaches implemented,2
argumentation module,2
asking students,2
asks students,2
assessment additionally,2
assigned article,2
assignment also,2
assignment includes,2
assignment section,2
attitudes toward,2
audio visual,2
authentic data,2
become comfortable,2
bioactive compounds,2
biology students,2
bird sexes,2
black students,2
blindness simulator,2
broader community,2
builds community,2
can access,2
can engage,2
carefully designed,2
challenged students,2
christian holiday,2
class participation,2
coblis color,2
collaborative effort,2
collaborative groups,2
collaborative process,2
collaborative work,2
color schemes,2
color vision,2
colorblindness simulator,2
come together,2
comfortable working,2
course students,2
courses students,2
creative autonomy,2
creative process,2
creative thinking,2
culturally diverse,2
daily lives,2
deaf community,2
deaf hard,2
designing experiments,2
develop camaraderie,2
differences among,2
different colors,2
different cultures,2
differently abled,2
dimensional manipulative,2
dimensional model,2
disabilities additionally,2
discourage student,2
discussion moderator,2
discussion students,2
discussions students,2
diverse group,2
diverse identities,2
diverse learners,2
diverse population,2
diverse scientists,2
diverse set,2
diversity among,2
diversity gap,2
diversity issues,2
diversity statement,2
diversity students,2
effective teamwork,2
electronic documents,2
emphasize diverse,2
empower students,2
enables students,2
enabling students,2
encourage individual,2
encourage participation,2
encouraging every,2
enforcing inclusion,2
engaging multiple,2
enrollment course,2
enrolls students,2
ensure participation,2
environment students,2
environmental issue,2
environmental issues,2
equal time,2
equally shared,2
ethnic diversity,2
ethnically diverse,2
ethnicity gender,2
even students,2
everyone can,2
everyone completes,2
experience students,2
experiences participating,2
experiences students,2
experiment summary,2
experimental results,2
feel valued,2
female students,2
final assignments,2
finally students,2
foster participation,2
foster productive,2
fostering student,2
fully participate,2
gender geographical,2
gender race,2
give students,2
giving students,2
graduate students,2
group assignment,2
group part,2
groups encourages,2
groups need,2
health disparities,2
health insurance,2
health issues,2
health related,2
healthy lifestyles,2
heart diseases,2
helping students,2
highly adaptable,2
highly relevant,2
human diseases,2
identity including,2
identity intersect,2
impact human,2
implements inclusive,2
including underrepresented,2
including women,2
inclusive environments,2
inclusive nature,2
increase inclusivity,2
individual answers,2
individual data,2
individual reflection,2
inspired lively,2
institutions msis,2
instructor individual,2
instructor students,2
instructors encourage,2
interactive discussion,2
internet connection,2
intimidating opportunity,2
introduces students,2
introductory students,2
invites strong,2
involves cooperative,2
journal articles,2
laboratory assignment,2
learning community,2
learning needs,2
learning opportunity,2
learning udl,2
less confident,2
leverage diversity,2
limited students,2
literature articles,2
lived experiences,2
lively discussions,2
living organisms,2
low income,2
make students,2
management system,2
many opportunities,2
mapping experiments,2
marginalized communities,2
marginalized students,2
material students,2
maximize diversity,2
may need,2
mean sex,2
medical team,2
members accountable,2
mental model,2
muscle development,2
news articles,2
nine students,2
no right,2
no students,2
non msis,2
numerous opportunities,2
obligations outside,2
offer students,2
often predominated,2
overcoming hurdles,2
pairs students,2
part inspired,2
participation among,2
particular students,2
particularly monitoring,2
partner within,2
peer interaction,2
peer mentoring,2
peers backgrounds,2
personality types,2
physical abilities,2
preferences students,2
prerequisite knowledge,2
presentation anxiety,2
professional backgrounds,2
professional development,2
promote cooperative,2
promote inclusivity,2
promotes diversity,2
promotes inclusion,2
promotes inclusive,2
provide encouraging,2
providing opportunities,2
quieter students,2
racial ethnic,2
racial minorities,2
readily accessible,2
reading interactive,2
reflective writing,2
relevant examples,2
remind students,2
report students,2
requiring students,2
research article,2
research teams,2
responsive mentoring,2
risk assessment,2
safe environment,2
screen reader,2
screen readers,2
semester students,2
sessions students,2
setting students,2
several inclusive,2
sexual determination,2
shows students,2
significant barriers,2
simulator students,2
skills particularly,2
small collaborative,2
societal barriers,2
socio scientific,2
sort students,2
space students,2
specifically students,2
strongly recommend,2
student abilities,2
student backgrounds,2
student individually,2
student interest,2
student interests,2
student isolation,2
student participates,2
students access,2
students analyze,2
students aware,2
students collect,2
students come,2
students compare,2
students connected,2
students curiosity,2
students design,2
students develop,2
students earn,2
students enrolled,2
students examine,2
students explain,2
students form,2
students formed,2
students know,2
students majoring,2
students need,2
students one,2
students outside,2
students participated,2
students particularly,2
students perform,2
students present,2
students promotes,2
students schedules,2
students see,2
students select,2
students socioeconomic,2
students take,2
students think,2
students thrive,2
students ugtas,2
students understand,2
students used,2
students using,2
students vary,2
students via,2
successfully complete,2
successfully completed,2
successfully participate,2
support inclusive,2
symbolically significant,2
teaching environment,2
though students,2
traditionally underrepresented,2
transfer map,2
unbiased call,2
underrepresented backgrounds,2
underrepresented student,2
underserved students,2
unique element,2
upon students,2
upper division,2
use authentic,2
used successfully,2
various backgrounds,2
verbal linguistic,2
videos hands,2
vision deficiency,2
voices heard,2
walking transects,2
way students,2
ways individual,2
white students,2
work individually,2
works together,2
writing assignments,2
aaas encourages,1
abilities experimental,1
academic backgrounds,1
academic stories,1
academic strengths,1
access barriers,1
access discussion,1
access faculty,1
access information,1
access sample,1
access services,1
access several,1
access software,1
access species,1
accesses far,1
accessibility finally,1
accessible areas,1
accessible classroom,1
accessible due,1
accessible however,1
accessible indoor,1
accommodating different,1
accommodating students,1
accommodating visual,1
accommodations available,1
accommodators perceived,1
accomplished using,1
accomplishments builds,1
accountabilityand positive,1
achievement levels,1
acknowledge diverse,1
acknowledges diversity,1
across diverse,1
across neighborhoods,1
across personality,1
across racial,1
active inquiry,1
active listening,1
active strategies,1
active student,1
actively contribute,1
actively encourages,1
actively participating,1
actively working,1
activities address,1
activities engage,1
activities engages,1
activities everyone,1
activities promote,1
activity assignment,1
activity helps,1
activity promotes,1
activity transparency,1
acutely interested,1
ada accessibility,1
ada lovelace,1
adaptability allows,1
adaptable active,1
adapting games,1
adding language,1
addition diverse,1
addition pedagogical,1
addition recent,1
addition self,1
addition several,1
addition use,1
addition using,1
additional benefits,1
additional discussion,1
additional diverse,1
additional element,1
additional information,1
additional opportunities,1
additional routes,1
additional tutorials,1
additional work,1
additionally assigns,1
additionally authentic,1
additionally educational,1
additionally encouraged,1
additionally feedback,1
additionally scientific,1
additionally structured,1
additionally visual,1
address different,1
address emerging,1
address impacts,1
address inclusive,1
address inclusivity,1
address misconceptions,1
address parity,1
address plant,1
address puzzling,1
address strategies,1
address students,1
addressed different,1
addressed students,1
addresses classroom,1
addresses diversity,1
addresses issues,1
addresses one,1
addresses racial,1
adds value,1
adjustment can,1
advance personalized,1
affect students,1
affects members,1
african americans,1
african vertebrate,1
age gender,1
age race,1
ages gender,1
aids students,1
alaskan native,1
allow alternatives,1
allow equitable,1
allow everyone,1
allow individuals,1
allow participation,1
allowed opportunities,1
allowing diverse,1
allowing flexibility,1
allowing individual,1
allowing visually,1
allows participants,1
allows participation,1
already economically,1
also accommodating,1
also address,1
also foster,1
also fostering,1
also helps,1
also identities,1
also promotes,1
also recommended,1
also sharing,1
also supported,1
alt text,1
alternate color,1
alternate green,1
alternate names,1
alternative examples,1
alternative exercises,1
alternative formats,1
alternative hands,1
alternative may,1
alternative means,1
alternative perspectives,1
alternative plans,1
alternative viewpoints,1
alternatively instructors,1
although microbiome,1
although students,1
altruistic applications,1
american alaskan,1
american black,1
american cultures,1
american men,1
american sign,1
american society,1
american south,1
american southeast,1
american west,1
american woman,1
american women,1
among diverse,1
among female,1
amphibian development,1
ample opportunities,1
ample opportunity,1
analysis although,1
anatomy relevant,1
animal communities,1
annotation promotes,1
anomalous interesting,1
another encouraging,1
another enriching,1
another opportunity,1
answer authentic,1
answer helps,1
answer students,1
answers encouraging,1
answers students,1
anthropogenic threats,1
anxiety around,1
anxiety associated,1
anxiety visually,1
anyone feeling,1
applications helps,1
appreciated exercise,1
appreciated given,1
approach students,1
appropriate interaction,1
area students,1
areas color,1
arguments explain,1
arise students,1
around access,1
around diversity,1
arrangement can,1
arrangements can,1
arrangements instructors,1
article addresses,1
article afterward,1
article along,1
article chosen,1
article prior,1
article using,1
articles clear,1
articles overall,1
articles quickly,1
articles students,1
articulated expectations,1
artistic nature,1
artistic skill,1
artistic skills,1
artistic students,1
arts majors,1
asian americans,1
asian cultural,1
ask although,1
assembly students,1
assessment allows,1
assessment also,1
assessment criteria,1
assessment data,1
assessment method,1
assessment poster,1
assessment related,1
assessment results,1
assessments allows,1
assessments include,1
assessments including,1
assessments see,1
assessments students,1
assessments supporting,1
assessments throughout,1
assign members,1
assign students,1
assigned partner,1
assignment asking,1
assignment can,1
assignment contained,1
assignment description,1
assignment encouraged,1
assignment encourages,1
assignment gives,1
assignment instructions,1
assignment prompt,1
assignment related,1
assignment students,1
assignment supporting,1
assignment welcoming,1
assignment yet,1
assignments building,1
assignments can,1
assignments directly,1
assignments however,1
assignments may,1
assignments outside,1
assignments provides,1
assignments sessions,1
assignments students,1
assignments supporting,1
assigns students,1
assistive device,1
assists students,1
assume perspectives,1
assurance assignment,1
attitude towards,1
attitudes towards,1
audiovisual media,1
auditory delivery,1
auditory learners,1
auditory sensory,1
authentic assessment,1
authentic assessments,1
authentic microbiology,1
authentic practices,1
authentic questions,1
authentic scientific,1
author backgrounds,1
authoritative websites,1
authors students,1
available students,1
avoid bias,1
avoiding disadvantaging,1
avoids exclusion,1
awareness can,1
awareness disparity,1
awareness empathy,1
background therefore,1
backgrounds demonstrating,1
backgrounds engage,1
backgrounds engaged,1
backgrounds ethnicities,1
backgrounds learning,1
backgrounds needs,1
backgrounds often,1
backgrounds perspectives,1
balanced teams,1
barriers giving,1
barriers students,1
based access,1
based cooperative,1
based phenomena,1
basic health,1
bean color,1
become engaged,1
become part,1
becoming comfortable,1
beliefs related,1
beliefs toward,1
benefit students,1
benefits students,1
best complemented,1
best experimental,1
better engage,1
better inclusion,1
bias accessibility,1
bias can,1
bilingual american,1
bilingual deaf,1
binary variable,1
biodiversify website,1
biodiversity database,1
biodiversity lab,1
biointeractive students,1
biological cultural,1
biological females,1
biological males,1
biological phenomena,1
biological safety,1
biological specimens,1
black african,1
black kidney,1
black native,1
black patients,1
blind students,1
book living,1
brainstorm promotes,1
brief reflective,1
brightly colored,1
bring disengaged,1
brings together,1
broaden engagement,1
broadening participation,1
broadens participation,1
broader interests,1
broader perspective,1
broadly meaningful,1
brought together,1
browser students,1
build communities,1
build community,1
build confidence,1
building students,1
builds confidence,1
burrows collaboration,1
cajete mentions,1
call students,1
can actively,1
can empower,1
can envision,1
can foster,1
can fully,1
can invite,1
can promote,1
can stigmatize,1
can visualize,1
cancer african,1
cancer treatment,1
cancer white,1
capabilities expressed,1
caption feature,1
captionists depending,1
captions students,1
career interest,1
carefully analyzed,1
carefully selected,1
caring way,1
case together,1
cases students,1
caucasian americans,1
caucasian cystic,1
caucasian men,1
caucasian women,1
cell division,1
cellular diversity,1
centered active,1
central american,1
certain disabilities,1
certain students,1
certain visual,1
chair accessible,1
chair arrangements,1
challenge students,1
challenging particularly,1
challenging phenomena,1
changing screen,1
chemical equipment,1
chinese miner,1
choice udl,1
choose gratitude,1
citizen potawatomi,1
class active,1
class assessments,1
class assignment,1
class assignments,1
class collaboration,1
class helps,1
class participate,1
class participates,1
class poverty,1
class value,1
classes incorporated,1
classist ideologies,1
classmates diversity,1
classroom active,1
classroom additionally,1
classroom alternatively,1
classroom collaboration,1
classroom equity,1
classroom friendly,1
classroom participation,1
classroom students,1
clear assessment,1
clearly visible,1
close caption,1
closed captioned,1
closed captioning,1
closed captions,1
cluster students,1
coast students,1
coelacanth specimen,1
cognition engagement,1
cognitive cultural,1
cognitive development,1
cohesive team,1
collaborate better,1
collaborate share,1
collaborated across,1
collaboration can,1
collaboration occurs,1
collaboration peer,1
collaboration skills,1
collaborative annotation,1
collaborative discussion,1
collaborative endeavor,1
collaborative exercise,1
collaborative lab,1
collaborative portion,1
collaborative setting,1
collaborative teaching,1
collaborative teamwork,1
collaboratively choose,1
collaboratively throughout,1
collect meaningful,1
collect measurements,1
collegial learning,1
colonialism played,1
colonialist assumptions,1
color coded,1
color coding,1
color combinations,1
color intensities,1
color low,1
coloration distinct,1
coloration less,1
colored eggs,1
colors encourages,1
comfort creative,1
comfortable classroom,1
comfortable contributing,1
comfortable creating,1
comfortable enough,1
comfortable environment,1
comfortable gave,1
comfortable learning,1
comfortable managing,1
comfortable sharing,1
comfortable speaking,1
comic encourages,1
comic helps,1
commitments outside,1
common interests,1
communication enthusiasm,1
communities demonstrates,1
communities engaging,1
communities may,1
communities reduce,1
communities useful,1
community among,1
community building,1
community classroom,1
community guidelines,1
community make,1
community members,1
community mind,1
community outside,1
community structure,1
community students,1
community within,1
compelling illustrations,1
complementary dimensions,1
complementary nucleotide,1
complementary tasks,1
complete assignments,1
complete hands,1
completed assignment,1
completed collaboratively,1
completed individually,1
completely public,1
completing individual,1
complimentary student,1
component promotes,1
components students,1
comprehensive assignment,1
computers smart,1
comradery around,1
concept reinforcement,1
concerns particularly,1
concrete tactile,1
confident members,1
confident students,1
conflict management,1
connected device,1
connections across,1
connections may,1
connects students,1
consensus encouraging,1
consider socially,1
considered cooperative,1
considered inclusive,1
considering developmental,1
constant reinforcement,1
constraints transportation,1
consumption experiment,1
contains equal,1
contemporary family,1
content fosters,1
contexts students,1
contribute individual,1
contributing no,1
contributing perspectives,1
contribution equally,1
controversial food,1
controversial topics,1
conversation everyone,1
conversation within,1
conversations dd,1
convincing additionally,1
cooperation students,1
cooperative approach,1
cooperative investigation,1
cooperative nature,1
cooperative scientific,1
correct misconceptions,1
counter treatments,1
course encouraging,1
course participate,1
courses backgrounds,1
courses democratizes,1
courses implementing,1
cpk colors,1
create accountability,1
create diverse,1
create inclusive,1
create opportunities,1
create pictorial,1
created collaboratively,1
creating community,1
creating opportunities,1
creative commons,1
creative cycle,1
creative entryway,1
creative students,1
creative use,1
creatively engage,1
creativity students,1
critical strategy,1
critically think,1
cross cultural,1
culinary traditions,1
cultivate divergent,1
cultivate equity,1
cultivate inclusivity,1
cultivates social,1
cultivating classroom,1
cultivating inclusivity,1
cultural component,1
cultural contexts,1
cultural dimensions,1
cultural diversity,1
cultural experiences,1
cultural funds,1
cultural gender,1
cultural identity,1
cultural knowledge,1
cultural markers,1
cultural philosophy,1
cultural preconceived,1
cultural relevance,1
cultural science,1
culturally distinct,1
culturally driven,1
culturally relevant,1
cultured bacteria,1
cultured samples,1
cultures science,1
cultures sequences,1
cures implemented,1
curiosity student,1
current biodiversity,1
current diversity,1
curricular commitment,1
curricular needs,1
cycle starts,1
data encourage,1
data management,1
dataset students,1
decide together,1
decision students,1
decisions impacted,1
decolonizing science,1
decrease anxiety,1
default friendly,1
deficit perspective,1
deficits equalizing,1
defines culturally,1
degree interests,1
democratizes research,1
demographic backgrounds,1
demonstrate marginalized,1
department although,1
departments whether,1
describing differences,1
design diversity,1
design element,1
determine students,1
developing inclusive,1
developing outreach,1
developing teamwork,1
development especially,1
development example,1
development sessions,1
development workshops,1
developmental neurobiology,1
developmental process,1
developments within,1
differences discussion,1
differences race,1
differences resulting,1
different articles,1
different attitudes,1
different background,1
different communities,1
different contexts,1
different living,1
different members,1
different parts,1
different racial,1
different starting,1
different strengths,1
different voices,1
differing views,1
difficult moments,1
difficulty based,1
difficulty levels,1
difficulty since,1
dimensional print,1
dimensional visual,1
direct hands,1
directly addresses,1
directly promote,1
directly visible,1
disabilities including,1
disabilities particularly,1
disabilities provide,1
disabilities related,1
disability geography,1
disadvantage black,1
disadvantaging students,1
disciplinary interests,1
discipline students,1
discourage grouping,1
discourages competition,1
discuss diversity,1
discussing experimental,1
discussing social,1
discussion engaging,1
discussion hands,1
discussion opportunities,1
discussion starts,1
discussions engaging,1
disengaged students,1
disparity increases,1
disparity lack,1
display diverse,1
distinct strengths,1
distractions udl,1
divergent biological,1
diverse academic,1
diverse assets,1
diverse audience,1
diverse cohort,1
diverse communities,1
diverse community,1
diverse composition,1
diverse contributing,1
diverse demonstrators,1
diverse experiences,1
diverse expertise,1
diverse forms,1
diverse issues,1
diverse lives,1
diverse opinions,1
diverse participants,1
diverse peer,1
diverse physiological,1
diverse points,1
diverse race,1
diverse racial,1
diverse resources,1
diverse skill,1
diverse skills,1
diverse spectrum,1
diverse teaching,1
diverse teams,1
diverse views,1
diversified groups,1
diversify fields,1
diversify group,1
diversifying science,1
diversity across,1
diversity alternatively,1
diversity dna,1
diversity encourage,1
diversity equity,1
diversity increasing,1
diversity inherent,1
diversity may,1
diversity particularly,1
diversity provides,1
diversity required,1
diversity since,1
diversity westernization,1
divides labor,1
division courses,1
division electives,1
division etc,1
documentary based,1
documentary created,1
documenting group,1
documents offer,1
dominating conversation,1
draw representations,1
drawing accommodating,1
drawing students,1
drawings students,1
drew portraits,1
drift engaging,1
drive motivation,1
dynamics inclusive,1
early perspectives,1
earth system,1
eases anxieties,1
easily accessible,1
easy access,1
ecologically valuable,1
economic barriers,1
economic development,1
economic disadvantages,1
economically geographically,1
economics majors,1
educate underrepresented,1
educational articles,1
educational backgrounds,1
educational equity,1
educational needs,1
educators students,1
effective team,1
effectively implemented,1
either visual,1
electronic instrument,1
element allows,1
element drawing,1
elements focusing,1
elements support,1
eliminate achievement,1
email address,1
emerging developments,1
emphasize altruistic,1
emphasized flexibility,1
emphasizes critical,1
emphasizes diversity,1
empower inclusive,1
enables participation,1
enabling participation,1
encourage continued,1
encourage cooperative,1
encourage creative,1
encourage discussion,1
encourage engagement,1
encourage equitable,1
encourage group,1
encourage groups,1
encourage inclusion,1
encourage inclusive,1
encourage inclusivity,1
encourage rubric,1
encourage teamwork,1
encouraged collaboration,1
encouraged inclusive,1
encourages active,1
encourages courses,1
encourages discussion,1
encourages group,1
encourages inclusive,1
encourages inclusiveness,1
encourages learning,1
encourages multiple,1
encourages peer,1
encourages use,1
encouraging collaboration,1
encouraging creative,1
encouraging feedback,1
encouraging participation,1
encouraging respect,1
encouraging student,1
encouraging words,1
endeavor translates,1
engage diverse,1
engage independently,1
engage undergraduate,1
engaged students,1
engagement including,1
engagement leading,1
engagement motivation,1
engagement student,1
engages every,1
engages everyone,1
engages multiple,1
engaging community,1
engaging stem,1
engaging student,1
engaging undergraduates,1
english deaf,1
english speakers,1
enhance engagement,1
enhance equity,1
enjoy kinesthetic,1
enlightening refreshing,1
enriching opportunity,1
enrolled students,1
enrollment courses,1
enrollment numbers,1
ensure everyone,1
ensure impartial,1
ensure inclusion,1
ensure inclusiveness,1
ensure inclusivity,1
ensure individual,1
ensure students,1
ensured diversity,1
ensured inclusion,1
ensures equity,1
ensuring equitable,1
ensuring students,1
enthusiasm pride,1
enthusiastically pursue,1
environment effective,1
environment instructors,1
environment open,1
environment reiterates,1
environment related,1
environment suitable,1
environmental burdens,1
environmental conservation,1
environmental factors,1
environmental problems,1
environmental social,1
environmental sustainability,1
environmental topic,1
environmental topics,1
equal footing,1
equal importance,1
equal level,1
equal numbers,1
equalize classroom,1
equalizing student,1
equally complex,1
equally distributed,1
equally diverse,1
equally important,1
equally valuable,1
equipment clothing,1
equitable collaboration,1
equitable contributions,1
equitable group,1
equitable opportunity,1
equitable option,1
equity studies,1
equity within,1
essays students,1
ethic given,1
ethical discussion,1
ethical implications,1
ethical value,1
ethnic groups,1
ethnic variations,1
ethnicity according,1
ethnicity completed,1
ethnicity religion,1
evaluation individuals,1
even creativity,1
event students,1
every participant,1
everyone becomes,1
everyone differently,1
everyone even,1
everyone shares,1
everyone supporting,1
evolutionary relationships,1
example participating,1
example visual,1
excellent opportunity,1
excellent rapport,1
exchange students,1
exchanging views,1
excises additionally,1
exclusion see,1
exercise differences,1
exercise encourages,1
exercises encourages,1
exercises students,1
existing diversity,1
existing relationships,1
expensive bioinformatics,1
expensive computer,1
expensive specialized,1
experience accessible,1
experience expensive,1
experience individuals,1
experience specimens,1
experiences participation,1
experiences promotes,1
experiential diversity,1
experiment can,1
experiment encouraging,1
experiment portion,1
experiment predicted,1
experiment students,1
experiment together,1
experimental approaches,1
experimental designs,1
experimental outlines,1
experimental procedures,1
experimental protocol,1
experimental question,1
experimental questions,1
experimental setup,1
experimentation end,1
experiments due,1
experiments giving,1
experiments prompting,1
expertise team,1
explicit articulated,1
explicit connections,1
explicitly address,1
explicitly addresses,1
explicitly welcomed,1
exploits multiple,1
explore socio,1
exploring differences,1
express agency,1
express diverse,1
extend students,1
extracurricular pressures,1
extreme anxiety,1
extremely inclusive,1
extroversion spectrum,1
facilitate connections,1
facilitate interaction,1
facilitate meaningful,1
facilitated introductions,1
facilitates inclusive,1
facilitates participation,1
facilitating transfer,1
facilitator recorder,1
facilitator role,1
factors students,1
faculty access,1
faculty development,1
fafsa applicants,1
failure patients,1
failure rate,1
failure supports,1
fair access,1
fair biology,1
fair classroom,1
familiarizing students,1
family commitments,1
family member,1
family members,1
family needs,1
family obligations,1
family therefore,1
fatherless snake,1
fatigue can,1
favorable attitudes,1
feel imposter,1
feel welcomed,1
feeling isolated,1
feeling like,1
feeling prepared,1
feels valued,1
felt comfortable,1
female meaning,1
females tend,1
ferpa regulations,1
fibrosis patients,1
field equipment,1
field students,1
fields implementation,1
fieldwork alternative,1
file transfers,1
filipino hmong,1
final assessment,1
financial limitations,1
financial resources,1
find identity,1
find interesting,1
findings screening,1
fine arts,1
first although,1
first sharing,1
first students,1
fittest alternatively,1
fitting assignment,1
flowchart means,1
following differences,1
food supplement,1
force students,1
form diverse,1
form teams,1
formally documenting,1
format encourages,1
formative students,1
former students,1
foster collaboration,1
foster collaborative,1
foster discussion,1
foster learning,1
foster peer,1
foster student,1
fostered inclusivity,1
fostering high,1
fostering inclusive,1
fosters appreciation,1
fosters inclusive,1
found exciting,1
four assignment,1
four members,1
four parts,1
free access,1
freely additionally,1
frequencies historically,1
frequently mention,1
friendly attention,1
friendly internet,1
friends families,1
full participation,1
fully appreciate,1
fully engaged,1
fully identify,1
fully using,1
fun together,1
fundamental concepts,1
fundamentally explore,1
furthermore participating,1
future experiments,1
future value,1
gain access,1
gain awareness,1
gain confidence,1
gain visibility,1
gained additionally,1
gained agency,1
gaining confidence,1
games females,1
games particularly,1
gap additionally,1
gateway introductory,1
gay defines,1
gender area,1
gender bias,1
gender disability,1
gender etc,1
gender ethnicity,1
gender gap,1
gender graduation,1
gender imbalances,1
gender interest,1
gender non,1
gendered pronouns,1
general active,1
general introversion,1
general public,1
generalization udl,1
generally promoted,1
generation status,1
genetic differences,1
genetic predisposition,1
geneva gay,1
genotypic sex,1
get started,1
given assignments,1
giving assessments,1
global communities,1
government statements,1
grant access,1
granted access,1
granting equal,1
greater community,1
green colorblindness,1
group arrangements,1
group assignments,1
group collaboration,1
group conversations,1
group efficacy,1
group hands,1
group hispanic,1
group leader,1
group participants,1
group partners,1
group together,1
groups accomplishments,1
groups additionally,1
groups individuals,1
groups participated,1
groups promotes,1
groups start,1
groups underrepresented,1
guides focused,1
guides provides,1
guides students,1
hand students,1
handle cultured,1
handling cultured,1
harmful stereotypes,1
health infrastructure,1
health initiatives,1
health institutions,1
health laboratories,1
health literacy,1
health outcomes,1
health professional,1
health statistics,1
health students,1
health studies,1
health time,1
healthcare can,1
healthcare contexts,1
healthcare disparities,1
healthcare facilities,1
healthier lifestyles,1
healthy additionally,1
healthy foods,1
healthy individuals,1
healthy living,1
hear perspectives,1
hearing impaired,1
hearing students,1
heart cell,1
heart defects,1
help address,1
help diversify,1
help women,1
helps build,1
helps facilitate,1
helps increase,1
helps make,1
helps shy,1
helps speak,1
helps teachers,1
heteronormative behaviors,1
hidden identities,1
high impact,1
higher healthcare,1
highly diverse,1
highly recommend,1
hire migrants,1
hispanic latino,1
hispanic latinx,1
historic barriers,1
historical connections,1
historical context,1
historical events,1
historical information,1
historical materials,1
historical site,1
hiv particles,1
hmong vietnamese,1
hold particular,1
hold perspectives,1
hope students,1
however students,1
human action,1
human activity,1
human dimensions,1
human disease,1
human earwax,1
human experiences,1
human genomes,1
human interest,1
human life,1
human sex,1
human studies,1
humanity prior,1
humanize researchers,1
humans around,1
humans can,1
hydroelectric development,1
ideal experimental,1
ideas additionally,1
ideas students,1
identified personality,1
identify diversity,1
identify misconceptions,1
identities diversity,1
identity plays,1
identity safe,1
illustrates cultural,1
illustrations make,1
image alt,1
impact active,1
impact students,1
impactful method,1
impaired cognitive,1
impaired student,1
impairment can,1
impairment might,1
impairments experience,1
impairments many,1
impartial grading,1
implemented early,1
implementing cures,1
implementing individual,1
implementing teaching,1
important additionally,1
important historical,1
imposter syndrome,1
improve access,1
improve accessibility,1
improvement rather,1
improvement students,1
improvements since,1
improves students,1
inaccessible due,1
inappropriate behavior,1
include diverse,1
include diversity,1
include individuals,1
include participation,1
include views,1
included patients,1
includes interactions,1
including deaf,1
including individual,1
including participating,1
including personal,1
including specimen,1
including students,1
including visually,1
inclusion equity,1
inclusion helps,1
inclusion standards,1
inclusion within,1
inclusive atmosphere,1
inclusive dialogues,1
inclusive equitable,1
inclusive experience,1
inclusive format,1
inclusive group,1
inclusive instruction,1
inclusive language,1
inclusive moments,1
inclusive pedagogy,1
inclusive practice,1
inclusive research,1
inclusive since,1
inclusive student,1
inclusive thinking,1
inclusive ways,1
inclusiveness tell,1
inclusivity additionally,1
inclusivity throughout,1
inclusivity using,1
income anxiety,1
income fafsa,1
income level,1
income students,1
incorporate auditory,1
incorporated collaborative,1
incorporated effective,1
incorporated elements,1
incorporated multiple,1
incorporated throughout,1
incorporates diversity,1
incorporates race,1
incorporates universal,1
incorporating individual,1
incorporating visual,1
increase access,1
increase anxiety,1
increase diversity,1
increase interest,1
increase minority,1
increase participants,1
increase students,1
increased transparency,1
increases access,1
increases students,1
increasing diversity,1
increasing impact,1
increasing inclusivity,1
increasing interest,1
increasing students,1
increasing transparency,1
independent experiment,1
independent hands,1
independent students,1
independently students,1
indigenous concept,1
indigenous lectures,1
indigenous populations,1
indigenous ways,1
individual accountabilityand,1
individual activity,1
individual assessments,1
individual assignments,1
individual backgrounds,1
individual basis,1
individual can,1
individual choice,1
individual contributions,1
individual efforts,1
individual elements,1
individual experiments,1
individual exploration,1
individual interest,1
individual interests,1
individual needs,1
individual ownerships,1
individual participates,1
individual portion,1
individual research,1
individual responsibilities,1
individual self,1
individual strengths,1
individual submissions,1
individual summative,1
individual table,1
individual values,1
individual written,1
individualized feedback,1
individually although,1
individually completing,1
individually discuss,1
individually due,1
individually first,1
individually group,1
individually providing,1
individually reflect,1
individually select,1
individually selected,1
individually writes,1
individuals can,1
individuals including,1
individuals students,1
inequities among,1
inform students,1
information experimentation,1
information interestingly,1
information needed,1
information students,1
infrastructure connected,1
inherent cultural,1
inherently accommodated,1
inspiring although,1
instance students,1
instead encouraged,1
instead guides,1
institutional barriers,1
institutionally diverse,1
institutions students,1
instruction elements,1
instruction incorporated,1
instruction students,1
instructional team,1
instructor access,1
instructor development,1
instructor empathy,1
instructor implements,1
instructor interacts,1
instructor needs,1
instructors implementing,1
instructors need,1
instructors pay,1
instructors together,1
insurance might,1
integral part,1
integrate culturally,1
integrated culturally,1
intellectual engagement,1
intellectual investment,1
intensely active,1
intentional addition,1
intentional group,1
intentional making,1
intentionally assigned,1
intentionally designed,1
interact individually,1
interact inside,1
interaction students,1
interactions among,1
interactions can,1
interactions group,1
interactive demonstrations,1
interactive group,1
interactive learning,1
interactive lecture,1
interactive low,1
interactive sessions,1
interactive tasking,1
interdependence individual,1
interest drive,1
interest experience,1
interest however,1
interest side,1
interested students,1
interesting biological,1
interesting observations,1
interesting start,1
interestingly image,1
interests career,1
interests guide,1
interests hobbies,1
interests instructors,1
interests students,1
interests values,1
international backgrounds,1
international students,1
internet access,1
internet although,1
internet connected,1
interpersonal interactions,1
interpreting authentic,1
interpreting visual,1
interviews students,1
intra individual,1
intrapersonal abilities,1
intrinsic cultural,1
intrinsic value,1
introduce relevant,1
introduce students,1
introversion can,1
introversion extroversion,1
introverted students,1
introverts time,1
investigating heart,1
invisible entities,1
invite strong,1
invite students,1
invites different,1
invites groups,1
inviting environment,1
inviting students,1
invoke colonialist,1
involve human,1
involve measurement,1
involvement collected,1
involves active,1
involves inclusive,1
involves individual,1
isolated dna,1
issue compelling,1
issues relevant,1
issues students,1
iterative improvement,1
jigsaw participants,1
jigsaw together,1
journal pay,1
judgement free,1
justice around,1
justice issues,1
justice topics,1
key articles,1
keys although,1
kidney failure,1
kindergartners irrespective,1
kinesthetically interact,1
knowing students,1
knowledge strengths,1
lab access,1
lab engage,1
lab experiments,1
lab partner,1
laboratory engaging,1
laboratory equipment,1
laboratory particularly,1
laboratory partners,1
lack health,1
lack healthy,1
language asl,1
language deficits,1
language interpreters,1
language status,1
large assessment,1
large diversity,1
large public,1
large students,1
larger margin,1
larvae students,1
lateral transfer,1
latino communities,1
latinx african,1
lead students,1
leader communicator,1
leader students,1
leaders can,1
leaders instructors,1
leadership role,1
learners additionally,1
learning abilities,1
learning additionally,1
learning dimensions,1
learning disabilities,1
learning diversity,1
learning intentional,1
learning interactive,1
learning irrespective,1
learning opportunities,1
learning personality,1
learning perspectives,1
learning strengths,1
learning students,1
learning teams,1
learning visual,1
lecture environment,1
less accessible,1
less connected,1
lesson access,1
lesson accommodates,1
lesson additionally,1
lesson addresses,1
lesson broadens,1
lesson encourages,1
lesson exploits,1
lesson inclusive,1
lesson invites,1
lesson reviews,1
lesson successfully,1
lessons promote,1
let students,1
level living,1
leverages diversity,1
lgbtq black,1
lgbtq individuals,1
lgbtqia students,1
like part,1
limitations formative,1
limited access,1
linguistic interpersonal,1
linking cultural,1
listen look,1
listening analyzing,1
literature reviews,1
lives outside,1
living arrangement,1
living downstream,1
living environment,1
living situations,1
local diversity,1
local environment,1
location sharing,1
locus students,1
longitudinal transfer,1
low pressure,1
lower retention,1
lower socioeconomic,1
lowers access,1
made visible,1
maintaining individual,1
major assessment,1
major gender,1
major sensory,1
makes transparent,1
making accommodations,1
making connections,1
making needed,1
male birds,1
male characteristics,1
male scientists,1
males volunteer,1
management olm,1
management scenario,1
management software,1
manipulative model,1
manipulative provide,1
manually propelling,1
many additional,1
many elements,1
marcos students,1
marginalized backgrounds,1
marginalized groups,1
marginalized populations,1
marginalized student,1
material tactile,1
maternity leave,1
maximize transfer,1
maximum diversity,1
may additionally,1
may believe,1
may disadvantage,1
may encourage,1
may value,1
meaningful class,1
meaningful connections,1
meaningful ecological,1
meaningful interactions,1
meaningful research,1
meaningful ways,1
meaningful work,1
meaningfully contribute,1
meaningfully write,1
measure specimens,1
medical health,1
medical students,1
meet individual,1
meet universal,1
meets students,1
member clinician,1
member contributed,1
member evaluation,1
member group,1
member makes,1
member must,1
members based,1
members discuss,1
members feel,1
members giving,1
members helps,1
members provides,1
members research,1
members students,1
mentioned earlier,1
mentored research,1
mentoring additionally,1
mentors rather,1
microorganisms impact,1
midwestern research,1
might encourage,1
might impact,1
might unconsciously,1
might wonder,1
million students,1
mindset towards,1
mindset ugtas,1
minimal judgement,1
minimize barriers,1
minimizing threats,1
minorities overcome,1
minoritized students,1
minority engagement,1
minority group,1
minority groups,1
minority populations,1
misconceptions related,1
misconceptions stemming,1
misconceptions students,1
missions three,1
miwok peoples,1
mixed active,1
mixed assessment,1
mixed gender,1
mixing parts,1
mn students,1
mobile part,1
mobility disabilities,1
mobility limitations,1
model collaboration,1
model respectful,1
modeling environment,1
modeling respectful,1
models collaborative,1
models visually,1
module embraces,1
module encouraging,1
module promote,1
module students,1
module supplemental,1
modules fundamentally,1
modules students,1
molecular representations,1
molecular visualization,1
monitor implementation,1
monograph active,1
moral theory,1
motivate involvement,1
motivate students,1
motivating words,1
moved students,1
movements used,1
msis compared,1
multicultural diversity,1
multifaceted inclusive,1
multipart highly,1
multiple active,1
multiple parts,1
multiple perspectives,1
multiple visual,1
muscle fatigue,1
mutual need,1
mycological society,1
name starts,1
namely sex,1
names additionally,1
narrow achievement,1
national background,1
nationality many,1
native english,1
native hawaiian,1
native language,1
native native,1
natural abilities,1
natural diversity,1
natural interest,1
natural part,1
nature documentary,1
navigates students,1
need access,1
need arise,1
need differing,1
need improvement,1
need not,1
need one,1
needed dilutions,1
needed similarly,1
needed thus,1
needs learning,1
needs students,1
neighborhoods students,1
news article,1
news stories,1
next complementary,1
no assessment,1
no gender,1
no need,1
no penalty,1
non binary,1
non black,1
non conforming,1
non gendered,1
non native,1
non western,1
noninteractive work,1
nonthreatening environment,1
not comfortable,1
not everyone,1
not feeling,1
not infringe,1
not interact,1
not isolated,1
not supported,1
not universal,1
notes additionally,1
notes everyone,1
novel connections,1
numbers underscore,1
numerical measurements,1
obligations clinical,1
observations students,1
observe differences,1
observe public,1
occupational diversity,1
offers additional,1
offers opportunity,1
official government,1
often inaccessible,1
often students,1
often underrepresented,1
one article,1
one need,1
one particularly,1
one pathway,1
online collaborative,1
online creative,1
online gratitude,1
online students,1
opportunities allow,1
opportunities embedded,1
opportunities exist,1
opportunities regarding,1
opportunity actually,1
opportunity arises,1
opportunity gap,1
opportunity select,1
opportunity students,1
optimally foster,1
option students,1
optional additional,1
oral visual,1
organization division,1
organized carpools,1
otherwise struggling,1
outcome achievement,1
outreach activities,1
outreach event,1
outreach learning,1
outreach materials,1
outreach program,1
outset additionally,1
ownership encourage,1
paced students,1
pair encouraging,1
pairing students,1
paper everyone,1
part one,1
participant criteria,1
participants actively,1
participants comfort,1
participants discuss,1
participants encouraging,1
participants first,1
participants fostering,1
participants inclusive,1
participants respectfully,1
participants several,1
participants tracking,1
participants work,1
participate depending,1
participate due,1
participate equally,1
participate fully,1
participate physically,1
participate structured,1
participate students,1
participate without,1
participated well,1
participates cognitively,1
participates equally,1
participating either,1
participation opportunities,1
participation rather,1
participation think,1
particular answers,1
particular benefit,1
particular emphasis,1
particular groups,1
particular health,1
particular including,1
particular module,1
particular promise,1
particular promotes,1
particular role,1
particular sample,1
particular snp,1
particular student,1
particular topic,1
particular underserved,1
particularly advanced,1
particularly appeal,1
particularly careful,1
particularly critical,1
particularly effective,1
particularly engaging,1
particularly important,1
particularly improve,1
particularly interested,1
particularly international,1
particularly recommend,1
particularly strong,1
partner giving,1
partner group,1
partner pair,1
partner s,1
partner since,1
parts allowing,1
parts offer,1
paths students,1
pathway maps,1
pathway selected,1
patient care,1
patient examples,1
patient gary,1
patient jill,1
patient without,1
patients despite,1
patients relative,1
pay special,1
pay walls,1
peer interactions,1
peer leaders,1
peer moderator,1
peers additionally,1
peers perspectives,1
pell grants,1
penalty students,1
people living,1
people suffering,1
peoples likely,1
perceived individual,1
perceived lack,1
perception dimension,1
percussion instruments,1
perform alternative,1
perform developmental,1
perform experiments,1
performance anxiety,1
performance confidence,1
period students,1
permanent teams,1
personable caring,1
personal accounts,1
personal attachment,1
personal connection,1
personal experiences,1
personal identity,1
personal investigation,1
personal journeys,1
personal observation,1
personal ones,1
personal pets,1
personal protective,1
personal relevance,1
personal structured,1
personality assessment,1
personalized patient,1
personally perceive,1
personally relevant,1
pervasive stereotypes,1
phenotypic sex,1
physical capabilities,1
physical connection,1
physical contexts,1
physical involvement,1
physical social,1
pictorial mathematical,1
pictorial representation,1
pictorial representations,1
piques students,1
pivottable implementation,1
place students,1
place unfortunate,1
place value,1
places students,1
placing value,1
plan demographic,1
plant awareness,1
plants visually,1
play addresses,1
policy encourages,1
policy recommendation,1
political diversity,1
political science,1
poppitmeiosis encourages,1
population engaging,1
populations diverse,1
populations genders,1
positive collaboration,1
positive environment,1
positive impact,1
positively impact,1
possible alternative,1
possible assignments,1
poster encourages,1
potawatomi nation,1
potential economic,1
potential relationship,1
poverty gender,1
powerful learning,1
powerful tools,1
practices involvement,1
practices promote,1
practices students,1
practices visual,1
pre health,1
preconceived notions,1
predisposition versus,1
predominant group,1
predominant instructional,1
predominantly white,1
prefer individual,1
prefer students,1
preferences abilities,1
preferences visual,1
prepared students,1
prescribed experiment,1
presentation part,1
presentations students,1
presented students,1
pressure environment,1
presumably part,1
prevent economic,1
prevent feelings,1
prevent students,1
previous engagement,1
previously isolated,1
prior background,1
privilege sharing,1
process encouraging,1
process teams,1
processing dimension,1
processing requirements,1
productive collaboration,1
professional interests,1
professional obligations,1
professional societies,1
profound relationship,1
programs additionally,1
project biodiversify,1
project fosters,1
project students,1
promote access,1
promote collaboration,1
promote diversity,1
promote general,1
promote higher,1
promote learning,1
promote participation,1
promote peer,1
promote problem,1
promote students,1
promote two,1
promoter region,1
promotes cognitive,1
promotes connection,1
promotes engagement,1
promotes equitable,1
promotes individual,1
promotes investment,1
promotes participation,1
promotes productivity,1
promotes student,1
promoting diverse,1
promoting engagement,1
promoting equitable,1
promoting inclusive,1
promoting inclusivity,1
prompting students,1
pronouns acknowledges,1
pronouns since,1
protective equipment,1
provide flexibility,1
provide visual,1
provided fair,1
provided opportunities,1
provided students,1
provides authentic,1
provides diverse,1
provides everyone,1
provides opportunity,1
providing awareness,1
providing participation,1
public applications,1
public attitudes,1
public biodiversity,1
public can,1
public messaging,1
public midwestern,1
public narratives,1
public platform,1
public policy,1
public release,1
publicly available,1
pulling together,1
purpose statement,1
purposeful opportunities,1
putting students,1
quarter long,1
questions encourages,1
questions individual,1
questions relevant,1
questions students,1
quickly engage,1
race class,1
race coefficient,1
race etc,1
race ethnicity,1
race gender,1
race national,1
racial bias,1
racial categorization,1
racial gender,1
racial justice,1
racial minority,1
racio ethnic,1
raised hands,1
random assignments,1
rank gender,1
rapidly adapted,1
reader friendly,1
readily adaptable,1
reading assignment,1
reading carefully,1
reading listening,1
real diversity,1
real historical,1
real patient,1
realistic human,1
really enjoyed,1
receive pell,1
recent transition,1
reciprocally improvements,1
recommend based,1
recommend educators,1
recommend establishing,1
recommend following,1
recommend forming,1
recommend incorporating,1
recommend instructors,1
recommend issuing,1
recommend think,1
recommend using,1
recommendation related,1
recommended approach,1
recommended online,1
recreational access,1
reduce anxiety,1
reduce gender,1
reduce public,1
reduced health,1
reduces achievement,1
reducing health,1
reference diversity,1
reflect critically,1
reflect pronouns,1
reflect students,1
reflective practice,1
reflective questions,1
reflective students,1
refuse public,1
regression assignment,1
regulations students,1
related assignments,1
related comments,1
relationship becomes,1
relationships developed,1
relevant challenges,1
relevant curricula,1
relevant experiments,1
relevant fields,1
relevant photosynthetic,1
relevant preliminary,1
relevant problems,1
relevant sections,1
relevant topics,1
religion socioeconomic,1
religious beliefs,1
religious perspectives,1
religious reference,1
religious themes,1
remained respectful,1
remote inclusive,1
repeating experiments,1
representation visual,1
representations including,1
representations pictorial,1
representations thus,1
represented background,1
represented diverse,1
require diverse,1
requirement however,1
requires active,1
requires creativity,1
requires participation,1
requiring diverse,1
research additionally,1
research interests,1
research mentors,1
research outreach,1
research team,1
resource documenting,1
resources recommended,1
respectful behavior,1
respectful throughout,1
respectfully voice,1
respectfully weighed,1
respecting peers,1
respective groups,1
respective health,1
respects including,1
results students,1
revealed lgbtqia,1
review guides,1
reviews knowledge,1
reviews students,1
rgs encourage,1
right course,1
rightful presence,1
risking failure,1
robust mental,1
role participate,1
roles promote,1
rooms interact,1
rotating member,1
running experiments,1
safe participating,1
safely alter,1
safety policy,1
said improvements,1
satellite connection,1
scaffolded approach,1
scaffolded manner,1
scenario students,1
schedules additionally,1
science accessible,1
science identities,1
science identity,1
science underscores,1
science visual,1
scientific experimentation,1
scientific identity,1
scientific struggle,1
scientist identity,1
scientists lives,1
scientists living,1
scientists students,1
screen names,1
screen thus,1
screening panels,1
seafood traceability,1
seat arrangement,1
seating arrangements,1
sections thesalt,1
see active,1
see comments,1
see diversity,1
seek additional,1
select experimental,1
selected documents,1
selected teams,1
selection biases,1
self assessment,1
sensitive social,1
sensitivity towards,1
sensory input,1
sensory modalities,1
sensory modes,1
series students,1
session additionally,1
session promotes,1
session students,1
sessions participants,1
sessions started,1
several chinese,1
several cooperative,1
several minority,1
several opportunities,1
several parts,1
several visual,1
severe anxiety,1
sex provides,1
sex reversal,1
sexes characterized,1
sexes differently,1
sexual offenses,1
sexual orientation,1
sexual selection,1
sexually reproducing,1
share responsibility,1
shared mental,1
sharing existing,1
sharing ideas,1
sharing pronouns,1
sharing stories,1
shy students,1
sick family,1
sierran miwok,1
similarly students,1
simple prerequisite,1
simplified personality,1
simultaneous interaction,1
simultaneously addressed,1
single right,1
situations students,1
skills assessments,1
skills helps,1
skills students,1
slow development,1
small community,1
small teams,1
smart phones,1
social aspects,1
social bias,1
social biases,1
social circles,1
social context,1
social controversies,1
social determinants,1
social entities,1
social equity,1
social identities,1
social learners,1
social learning,1
social logical,1
social relationships,1
social stigmas,1
socially relevant,1
socially supportive,1
societal challenges,1
societies degree,1
society additionally,1
socioeconomic factors,1
soil isolates,1
solitary moment,1
solitary work,1
solo students,1
solve individually,1
solve relevant,1
solving collaborate,1
something addressed,1
south american,1
space missions,1
spatial abilities,1
spatial element,1
speak listen,1
speaking anxiety,1
special equipment,1
species community,1
specific accommodations,1
specific complementary,1
specimen handler,1
specimen supporting,1
specimens via,1
spectrum quieter,1
spread racist,1
stages students,1
stakeholder assessment,1
stakeholder interests,1
stakes assignments,1
stakes environment,1
standing disagreements,1
start point,1
starting point,1
starting points,1
state commented,1
statement listing,1
statements made,1
states community,1
status instructors,1
status lastly,1
status personality,1
status reduced,1
stay healthy,1
stereotypical norms,1
stigmatize students,1
stigmatized lgbtq,1
still encouraging,1
still engage,1
still participate,1
still succeed,1
stimulate conversation,1
stimulate critical,1
strategies engages,1
strategies visual,1
strategy believed,1
strategy encourages,1
strategy helps,1
strategy promoted,1
strengthen arguments,1
strengths became,1
strongly encourage,1
strongly encouraged,1
structural barriers,1
structure encourages,1
structure teamwork,1
structures students,1
struggle allows,1
student additionally,1
student anonymity,1
student anxiety,1
student attitudes,1
student background,1
student confidence,1
student development,1
student dominating,1
student equity,1
student exclusion,1
student identities,1
student interactions,1
student lived,1
student mindsets,1
student motivation,1
student participants,1
student participation,1
student pathway,1
student perspectives,1
student placement,1
student retention,1
student safety,1
student sharing,1
student socioeconomic,1
student students,1
student veterans,1
student voices,1
students ability,1
students achieve,1
students adaptations,1
students allowing,1
students alternatives,1
students answered,1
students apply,1
students asked,1
students asking,1
students assigned,1
students assume,1
students attended,1
students attitudes,1
students awareness,1
students away,1
students based,1
students became,1
students becoming,1
students behavior,1
students belonging,1
students broader,1
students centering,1
students changing,1
students choose,1
students chosen,1
students clarify,1
students classify,1
students co,1
students collaborate,1
students collaborating,1
students collecting,1
students completed,1
students concerned,1
students conduct,1
students connect,1
students consider,1
students considered,1
students continue,1
students contribute,1
students courses,1
students create,1
students cultural,1
students defined,1
students deliberating,1
students designed,1
students directly,1
students disagreed,1
students discussing,1
students diverse,1
students due,1
students early,1
students easy,1
students efforts,1
students either,1
students electronic,1
students encourages,1
students encouraging,1
students engaging,1
students ensure,1
students even,1
students everyone,1
students examined,1
students experience,1
students explicit,1
students explore,1
students explored,1
students facing,1
students fall,1
students fill,1
students freedom,1
students frequently,1
students furthermore,1
students gain,1
students gather,1
students generate,1
students given,1
students help,1
students https,1
students humanize,1
students identify,1
students inclusive,1
students independently,1
students individual,1
students individually,1
students instead,1
students instructors,1
students interested,1
students international,1
students intrinsic,1
students introverted,1
students isolate,1
students kinesthetically,1
students las,1
students leading,1
students leverage,1
students lived,1
students lives,1
students living,1
students look,1
students meet,1
students mid,1
students mobility,1
students navigating,1
students needed,1
students needs,1
students obligations,1
students observations,1
students observe,1
students online,1
students opportunities,1
students opt,1
students originate,1
students pair,1
students participate,1
students perceive,1
students performance,1
students perhaps,1
students pick,1
students picked,1
students placed,1
students post,1
students practice,1
students preferences,1
students prepare,1
students prior,1
students produce,1
students promoting,1
students prompt,1
students quickly,1
students randomly,1
students rather,1
students reacted,1
students read,1
students recognize,1
students recommend,1
students reflect,1
students relationships,1
students represent,1
students respond,1
students resulting,1
students rightful,1
students rotate,1
students said,1
students second,1
students serve,1
students set,1
students sign,1
students since,1
students slides,1
students small,1
students sometime,1
students student,1
students successfully,1
students taking,1
students tend,1
students throughout,1
students thus,1
students together,1
students towards,1
students transition,1
students trying,1
students typically,1
students understanding,1
students unique,1
students use,1
students visual,1
students voice,1
students voices,1
students volunteering,1
students wanting,1
students watched,1
students whether,1
students whose,1
students working,1
students write,1
students written,1
students yield,1
study addresses,1
study bias,1
study guides,1
study partners,1
study students,1
styles interactive,1
subdued coloration,1
submissions upon,1
subsequent development,1
subsequent public,1
successfully determine,1
successfully incorporated,1
successfully integrated,1
suggest opportunities,1
suggestions collaboratively,1
sum students,1
summarized visually,1
summary students,1
supplemental application,1
supplemental file,1
supplemental resource,1
support additionally,1
support diversity,1
support engagement,1
support healthy,1
support inclusion,1
supporting english,1
supporting healthy,1
supporting misconceptions,1
supportive community,1
supportive group,1
supportive team,1
supports creative,1
supports diverse,1
supports inclusive,1
supports metacognition,1
sure everyone,1
surrounding environments,1
symbiotic partners,1
symbolic molecular,1
symbolic visual,1
system helps,1
ta voices,1
tactile activities,1
tactile experience,1
tactile learners,1
tactile manipulation,1
tactile manipulations,1
take interest,1
takes students,1
talents tell,1
talk listen,1
targeting community,1
tasking students,1
taught actively,1
teach art,1
teach participants,1
teach valuable,1
teaches students,1
teaching students,1
team began,1
team either,1
team expectations,1
team maker,1
team peer,1
team students,1
team valuing,1
teammates abilities,1
teams can,1
teams compete,1
teams discover,1
teams instructors,1
teams provides,1
teams students,1
teams turn,1
teams typically,1
teamwork first,1
teamwork inside,1
teamwork see,1
technique encourages,1
tell students,1
term students,1
testing anxiety,1
testing students,1
tetrahymena focused,1
thereby encourages,1
thereby overcoming,1
therefore adds,1
therefore inexpensive,1
therefore students,1
think critically,1
think individually,1
thoughtful constructive,1
thus encouraging,1
thus inclusive,1
thus need,1
thus students,1
time captionists,1
time encouraging,1
time welcoming,1
together can,1
together effectively,1
together examine,1
together facilitating,1
together finally,1
together however,1
together take,1
traceability issues,1
traditional students,1
traditionally underserved,1
tragic arc,1
train students,1
transcript can,1
transects also,1
transfer unnecessary,1
transgender non,1
translate two,1
translations research,1
transparency improving,1
transparency practices,1
transparency shown,1
transparent alignment,1
transparent learning,1
transportation needs,1
treated well,1
treatments like,1
truman students,1
turns visual,1
two dimensional,1
two gratitude,1
two parents,1
two students,1
two values,1
typical social,1
typically engaged,1
udl guidelines,1
udl requirements,1
ulcer patient,1
unbiased selection,1
uncomfortable disclosing,1
uncomfortable discussing,1
uncomfortable sharing,1
unconsciously restrict,1
uncovered elements,1
undergraduate participants,1
underrepresented background,1
underrepresented minorities,1
underrepresented populations,1
underrepresented racial,1
underserved backgrounds,1
underserved groups,1
underserved racial,1
underserved stem,1
unethical history,1
unfortunate limitations,1
unfortunately studies,1
uniprot additionally,1
unique abilities,1
unique background,1
unique perspectives,1
unit students,1
universal see,1
universally accessible,1
unscripted statements,1
ups encourage,1
urban differences,1
urgent students,1
use art,1
use english,1
use inclusive,1
use students,1
use unbiased,1
use visual,1
used active,1
used easter,1
used transparent,1
uses gender,1
using active,1
using alternate,1
using cultural,1
using demographic,1
using diverse,1
using personal,1
using tactile,1
using visual,1
using wheelchairs,1
utilizing active,1
validating diverse,1
valuable element,1
valuable real,1
valuable regardless,1
value diverse,1
value multiple,1
value not,1
valued component,1
values diverse,1
values male,1
values might,1
variable gender,1
variables diverse,1
various active,1
various assessments,1
various assignments,1
various earth,1
various parts,1
various societal,1
varying abilities,1
varying achievement,1
varying color,1
varying difficulty,1
varying interests,1
vast diversity,1
verbal interactions,1
verbal symbolic,1
verbal visual,1
versus health,1
vertnet students,1
via screen,1
videos students,1
views depending,1
visible moreover,1
vision impairment,1
vision loss,1
visual aids,1
visual approaches,1
visual elements,1
visual fashion,1
visual formats,1
visual impairment,1
visual material,1
visual materials,1
visual mechanical,1
visual nature,1
visual physical,1
visual properties,1
visual representations,1
visual senses,1
visual sharing,1
visual slides,1
visual tactile,1
visual way,1
visualization tools,1
visualize graphs,1
visualize phenology,1
visually collect,1
visually explore,1
visually locating,1
visually observe,1
visually slides,1
visuals images,1
vocal students,1
voices provide,1
voices think,1
voting silently,1
walk participants,1
want individuals,1
ways celebrates,1
ways particularly,1
wear personal,1
weeks students,1
welcome creative,1
welcome throughout,1
welcoming learning,1
welcoming place,1
welcoming space,1
welcoming students,1
western backgrounds,1
western cultural,1
western scientific,1
westernized science,1
wheelchairs crutches,1
whether gender,1
white board,1
white institution,1
white peers,1
white women,1
whose living,1
wide participation,1
wireless access,1
within developmental,1
within healthcare,1
without disabilities,1
without health,1
without limits,1
without purposeful,1
woman henrietta,1
woman museum,1
women exposure,1
women trans,1
women worksheet,1
wooster students,1
work commutes,1
work cooperatively,1
work engaging,1
work environments,1
work ethic,1
work reflective,1
worked together,1
workshop leaders,1
world interactions,1
world management,1
writing assignment,1
writing interactive,1
wrong students,1
year students,1
years demographic,1
zebrafish heart,1
zone additionally,1
